run_date,symbol,name,theme,score,status,unit_price,price_band,rsi,volume_ratio,macd_diff,return_5d,return_20d,reasons,list_name,analysis_symbol,analysis_name
2026-04-29,9535.T,広島ガス,低位株・東証プライム,12,強い買い候補,405.0,低単価,58.387794975651325,1.2258309797957854,0.1860119376743987,2.791878172588836,1.2499999999999956,終値が25日移動平均線を上回っており、中期的には上向きです。 / 5日移動平均線が25日移動平均線を上回っており、短期トレンドが改善しています。 / 25日移動平均線が75日移動平均線を上回っており、上昇基調が確認できます。 / RSIが40〜65の範囲で、過熱しすぎていない上昇余地のある水準です。 / MACDがシグナルを上回っており、上昇モメンタムがあります。 / MACDが直近で陽転しており、買い転換の候補です。 / 出来高が20日平均をやや上回っています。 / 直近5営業日のリターンがプラスです。 / 直近20営業日のリターンがプラスです。,,,
2026-04-29,9656.T,グリーンランドリゾート,旅行・レジャー,12,強い買い候補,613.0,低単価,50.4141461886283,3.095975232198142,0.1864970214662729,-0.648298217179899,0.8223684210526327,終値が25日移動平均線を上回っており、中期的には上向きです。 / 5日移動平均線が25日移動平均線を上回っており、短期トレンドが改善しています。 / 25日移動平均線が75日移動平均線を上回っており、上昇基調が確認できます。 / RSIが40〜65の範囲で、過熱しすぎていない上昇余地のある水準です。 / MACDがシグナルを上回っており、上昇モメンタムがあります。 / 出来高が20日平均の1.5倍以上で、注目度が高まっています。 / 直近20営業日のリターンがプラスです。,,,
2026-04-29,9984.T,ソフトバンクグループ,大型・AI関連,12,強い買い候補,5268.0,1万円以内,62.16317892480934,1.3443495235187732,150.45316254248428,1.6792125072379926,48.18565400843882,終値が25日移動平均線を上回っており、中期的には上向きです。 / 5日移動平均線が25日移動平均線を上回っており、短期トレンドが改善しています。 / 25日移動平均線が75日移動平均線を上回っており、上昇基調が確認できます。 / RSIが40〜65の範囲で、過熱しすぎていない上昇余地のある水準です。 / MACDがシグナルを上回っており、上昇モメンタムがあります。 / 出来高が20日平均をやや上回っています。 / 直近5営業日のリターンがプラスです。 / 直近20営業日のリターンがプラスです。,,,
2026-04-29,4392.T,FIG,低位株・東証プライム,11,強い買い候補,353.0,低単価,63.9404783534217,1.3804795349963672,3.292005094594927,1.729106628242083,13.87096774193548,終値が25日移動平均線を上回っており、中期的には上向きです。 / 5日移動平均線が25日移動平均線を上回っており、短期トレンドが改善しています。 / RSIが40〜65の範囲で、過熱しすぎていない上昇余地のある水準です。 / MACDがシグナルを上回っており、上昇モメンタムがあります。 / 出来高が20日平均をやや上回っています。 / 直近5営業日のリターンがプラスです。 / 直近20営業日のリターンがプラスです。,,,
2026-04-29,7201.T,日産自動車,自動車メーカー・低位株,11,強い買い候補,362.5,低単価,50.42617718075359,1.962917307217238,0.9641236615988592,-2.0270270270270285,8.858858858858865,終値が25日移動平均線を上回っており、中期的には上向きです。 / 5日移動平均線が25日移動平均線を上回っており、短期トレンドが改善しています。 / RSIが40〜65の範囲で、過熱しすぎていない上昇余地のある水準です。 / MACDがシグナルを上回っており、上昇モメンタムがあります。 / 出来高が20日平均の1.5倍以上で、注目度が高まっています。 / 直近20営業日のリターンがプラスです。,,,
2026-04-29,7238.T,曙ブレーキ工業,自動車関連・低位株,11,強い買い候補,128.0,低単価,51.42904089648504,0.7498640762622785,0.0238213554766133,-3.030303030303028,9.401709401709413,終値が25日移動平均線を上回っており、中期的には上向きです。 / 5日移動平均線が25日移動平均線を上回っており、短期トレンドが改善しています。 / RSIが40〜65の範囲で、過熱しすぎていない上昇余地のある水準です。 / MACDがシグナルを上回っており、上昇モメンタムがあります。 / MACDが直近で陽転しており、買い転換の候補です。 / 直近20営業日のリターンがプラスです。,,,
2026-04-29,2931.T,ユーグレナ,低位株・東証プライム,10,強い買い候補,409.0,低単価,55.145662251478406,0.6299474173769434,-0.8639732408409335,1.2376237623762387,1.9950124688279391,終値が25日移動平均線を上回っており、中期的には上向きです。 / 5日移動平均線が25日移動平均線を上回っており、短期トレンドが改善しています。 / 25日移動平均線が75日移動平均線を上回っており、上昇基調が確認できます。 / RSIが40〜65の範囲で、過熱しすぎていない上昇余地のある水準です。 / 直近5営業日のリターンがプラスです。 / 直近20営業日のリターンがプラスです。,,,
2026-04-29,7012.T,川崎重工業,輸送機器,10,強い買い候補,3243.0,1万円以内,52.46633750136566,0.9753531002305325,-4.931027564696346,3.3460803059273347,11.94338971349671,終値が25日移動平均線を上回っており、中期的には上向きです。 / 5日移動平均線が25日移動平均線を上回っており、短期トレンドが改善しています。 / 25日移動平均線が75日移動平均線を上回っており、上昇基調が確認できます。 / RSIが40〜65の範囲で、過熱しすぎていない上昇余地のある水準です。 / 直近5営業日のリターンがプラスです。 / 直近20営業日のリターンがプラスです。,,,
2026-04-29,9048.T,名古屋鉄道,旅行・鉄道,10,強い買い候補,1777.5,買いやすい,52.63424325199795,1.7508407767692475,-1.643112051921526,1.397604107244721,2.983777520278097,終値が25日移動平均線を上回っており、中期的には上向きです。 / 25日移動平均線が75日移動平均線を上回っており、上昇基調が確認できます。 / RSIが40〜65の範囲で、過熱しすぎていない上昇余地のある水準です。 / 出来高が20日平均の1.5倍以上で、注目度が高まっています。 / 直近5営業日のリターンがプラスです。 / 直近20営業日のリターンがプラスです。,,,
2026-04-29,AAPL,Apple,米国大型テック,10,強い買い候補,270.7099914550781,米国株,58.2567936114728,0.7927150718039662,0.8355843716110245,1.7056684819142245,9.763607872329793,終値が25日移動平均線を上回っており、中期的には上向きです。 / 5日移動平均線が25日移動平均線を上回っており、短期トレンドが改善しています。 / RSIが40〜65の範囲で、過熱しすぎていない上昇余地のある水準です。 / MACDがシグナルを上回っており、上昇モメンタムがあります。 / 直近5営業日のリターンがプラスです。 / 直近20営業日のリターンがプラスです。,,,
2026-04-29,NVDA,NVIDIA,米国AI半導体,10,強い買い候補,213.1699981689453,米国株,70.98875570897413,1.1937475782198614,2.2907887056960528,6.648985872261015,29.06096781020901,終値が25日移動平均線を上回っており、中期的には上向きです。 / 5日移動平均線が25日移動平均線を上回っており、短期トレンドが改善しています。 / 25日移動平均線が75日移動平均線を上回っており、上昇基調が確認できます。 / MACDがシグナルを上回っており、上昇モメンタムがあります。 / 直近5営業日のリターンがプラスです。 / 直近20営業日のリターンがプラスです。,,,
2026-04-29,1786.T,オリエンタル白石,低位株・東証プライム,9,強い買い候補,381.0,低単価,53.88194940503399,1.376614977998341,2.006621148336622,2.695417789757415,2.144772117962468,終値が25日移動平均線を上回っており、中期的には上向きです。 / RSIが40〜65の範囲で、過熱しすぎていない上昇余地のある水準です。 / MACDがシグナルを上回っており、上昇モメンタムがあります。 / 出来高が20日平均をやや上回っています。 / 直近5営業日のリターンがプラスです。 / 直近20営業日のリターンがプラスです。,,,
2026-04-29,2181.T,パーソルホールディングス,低位株・東証プライム,9,強い買い候補,240.1999969482422,低単価,52.08220320812575,0.8379728987910415,0.3305641466104312,-0.2077274642041326,3.9826826615767086,終値が25日移動平均線を上回っており、中期的には上向きです。 / 5日移動平均線が25日移動平均線を上回っており、短期トレンドが改善しています。 / RSIが40〜65の範囲で、過熱しすぎていない上昇余地のある水準です。 / MACDがシグナルを上回っており、上昇モメンタムがあります。 / 直近20営業日のリターンがプラスです。,,,
2026-04-29,2930.T,北の達人コーポレーション,低位株・東証プライム,9,強い買い候補,133.0,低単価,56.35191293794088,0.7850155094249582,0.6853422387673627,-2.9197080291970767,9.016393442622949,終値が25日移動平均線を上回っており、中期的には上向きです。 / 5日移動平均線が25日移動平均線を上回っており、短期トレンドが改善しています。 / RSIが40〜65の範囲で、過熱しすぎていない上昇余地のある水準です。 / MACDがシグナルを上回っており、上昇モメンタムがあります。 / 直近20営業日のリターンがプラスです。,,,
2026-04-29,4344.T,ソースネクスト,低位株・東証プライム,9,強い買い候補,126.0,低単価,49.05346379440456,0.740047933594435,0.0365442258349902,-0.7874015748031482,3.278688524590168,終値が25日移動平均線を上回っており、中期的には上向きです。 / 5日移動平均線が25日移動平均線を上回っており、短期トレンドが改善しています。 / RSIが40〜65の範囲で、過熱しすぎていない上昇余地のある水準です。 / MACDがシグナルを上回っており、上昇モメンタムがあります。 / 直近20営業日のリターンがプラスです。,,,
2026-04-29,4689.T,LINEヤフー,大型・通信・低位株,9,強い買い候補,417.2999877929688,低単価,54.57158647221582,0.8062091536701509,-0.8572560661797359,-3.358036222769001,9.041017633210767,終値が25日移動平均線を上回っており、中期的には上向きです。 / 5日移動平均線が25日移動平均線を上回っており、短期トレンドが改善しています。 / 25日移動平均線が75日移動平均線を上回っており、上昇基調が確認できます。 / RSIが40〜65の範囲で、過熱しすぎていない上昇余地のある水準です。 / 直近20営業日のリターンがプラスです。,,,
2026-04-29,4691.T,ワシントンホテル,旅行・ホテル,9,強い買い候補,2105.0,買いやすい,68.90526316263515,0.2355428053752076,13.995085304246942,-4.491833030852998,58.38976674191121,終値が25日移動平均線を上回っており、中期的には上向きです。 / 5日移動平均線が25日移動平均線を上回っており、短期トレンドが改善しています。 / 25日移動平均線が75日移動平均線を上回っており、上昇基調が確認できます。 / MACDがシグナルを上回っており、上昇モメンタムがあります。 / 直近20営業日のリターンがプラスです。,,,
2026-04-29,6472.T,NTN,自動車関連・低位株,9,強い買い候補,351.3999938964844,低単価,52.3187890742695,0.8969801211020672,1.2394333986321062,-3.035320139420872,10.0532437615779,終値が25日移動平均線を上回っており、中期的には上向きです。 / 5日移動平均線が25日移動平均線を上回っており、短期トレンドが改善しています。 / RSIが40〜65の範囲で、過熱しすぎていない上昇余地のある水準です。 / MACDがシグナルを上回っており、上昇モメンタムがあります。 / 直近20営業日のリターンがプラスです。,,,
2026-04-29,6740.T,ジャパンディスプレイ,低単価・電子部品,9,強い買い候補,94.0,低単価,52.31977362598968,0.43832651611605,-1.8995600251293645,-9.615384615384617,30.55555555555556,終値が25日移動平均線を上回っており、中期的には上向きです。 / 5日移動平均線が25日移動平均線を上回っており、短期トレンドが改善しています。 / 25日移動平均線が75日移動平均線を上回っており、上昇基調が確認できます。 / RSIが40〜65の範囲で、過熱しすぎていない上昇余地のある水準です。 / 直近20営業日のリターンがプラスです。,,,
2026-04-29,7267.T,本田技研工業,自動車メーカー,9,強い買い候補,1293.5,買いやすい,43.54076555676916,0.9805468345170238,8.167486494741013,-3.6140089418778,2.862823061630216,終値が25日移動平均線を上回っており、中期的には上向きです。 / 5日移動平均線が25日移動平均線を上回っており、短期トレンドが改善しています。 / RSIが40〜65の範囲で、過熱しすぎていない上昇余地のある水準です。 / MACDがシグナルを上回っており、上昇モメンタムがあります。 / 直近20営業日のリターンがプラスです。,,,
2026-04-29,7777.T,スリー・ディー・マトリックス,低単価・バイオ,9,強い買い候補,518.0,低単価,49.78350417174965,0.4636527099922938,2.412206005008528,-9.756097560975608,23.923444976076546,終値が25日移動平均線を上回っており、中期的には上向きです。 / 5日移動平均線が25日移動平均線を上回っており、短期トレンドが改善しています。 / RSIが40〜65の範囲で、過熱しすぎていない上昇余地のある水準です。 / MACDがシグナルを上回っており、上昇モメンタムがあります。 / 直近20営業日のリターンがプラスです。,,,
2026-04-29,9041.T,近鉄グループホールディングス,旅行・鉄道・ホテル,9,強い買い候補,3356.0,1万円以内,53.53160873320704,0.6872463709596011,-4.434284148208903,-1.0321439103509245,4.223602484472044,終値が25日移動平均線を上回っており、中期的には上向きです。 / 5日移動平均線が25日移動平均線を上回っており、短期トレンドが改善しています。 / 25日移動平均線が75日移動平均線を上回っており、上昇基調が確認できます。 / RSIが40〜65の範囲で、過熱しすぎていない上昇余地のある水準です。 / 直近20営業日のリターンがプラスです。,,,
2026-04-29,9434.T,ソフトバンク,大型・通信・低位株,9,強い買い候補,219.3000030517578,低単価,52.37835062743503,0.866687223631669,-0.1878237623860272,-1.2162148415505336,3.884413411253629,終値が25日移動平均線を上回っており、中期的には上向きです。 / 5日移動平均線が25日移動平均線を上回っており、短期トレンドが改善しています。 / 25日移動平均線が75日移動平均線を上回っており、上昇基調が確認できます。 / RSIが40〜65の範囲で、過熱しすぎていない上昇余地のある水準です。 / 直近20営業日のリターンがプラスです。,,,
2026-04-29,TSLA,Tesla,米国EV・成長株,9,強い買い候補,376.0199890136719,米国株,48.75405583221122,0.7213777502679801,1.8453979580439144,-2.691378306679615,5.837646449458278,終値が25日移動平均線を上回っており、中期的には上向きです。 / 5日移動平均線が25日移動平均線を上回っており、短期トレンドが改善しています。 / RSIが40〜65の範囲で、過熱しすぎていない上昇余地のある水準です。 / MACDがシグナルを上回っており、上昇モメンタムがあります。 / 直近20営業日のリターンがプラスです。,,,
2026-04-29,3903.T,gumi,低位株・東証プライム,8,買い候補,341.0,低単価,51.48161175622088,1.241200259623546,-0.3446946371622368,-2.571428571428569,7.232704402515733,終値が25日移動平均線を上回っており、中期的には上向きです。 / 5日移動平均線が25日移動平均線を上回っており、短期トレンドが改善しています。 / RSIが40〜65の範囲で、過熱しすぎていない上昇余地のある水準です。 / 出来高が20日平均をやや上回っています。 / 直近20営業日のリターンがプラスです。,,,
2026-04-29,5269.T,日本コンクリート工業,低位株・東証プライム,8,買い候補,317.0,低単価,49.59151769870383,0.6718426501035196,1.195187098140373,1.6025641025640969,0.9554140127388644,終値が25日移動平均線を上回っており、中期的には上向きです。 / RSIが40〜65の範囲で、過熱しすぎていない上昇余地のある水準です。 / MACDがシグナルを上回っており、上昇モメンタムがあります。 / 直近5営業日のリターンがプラスです。 / 直近20営業日のリターンがプラスです。,,,
2026-04-29,MSFT,Microsoft,米国大型テック,8,買い候補,429.25,米国株,65.37923002203266,0.9291963918419942,4.051877655404699,1.2000179870673031,19.58157182364384,終値が25日移動平均線を上回っており、中期的には上向きです。 / 5日移動平均線が25日移動平均線を上回っており、短期トレンドが改善しています。 / MACDがシグナルを上回っており、上昇モメンタムがあります。 / 直近5営業日のリターンがプラスです。 / 直近20営業日のリターンがプラスです。,,,
2026-04-29,4597.T,ソレイジア・ファーマ,低単価・バイオ,7,買い候補,34.0,低単価,48.349922016212496,0.7791081298285498,-0.3435528034020674,-12.82051282051282,9.6774193548387,終値が25日移動平均線を下回っており、中期的には弱めです。 / 5日移動平均線が25日移動平均線を上回っており、短期トレンドが改善しています。 / 25日移動平均線が75日移動平均線を上回っており、上昇基調が確認できます。 / RSIが40〜65の範囲で、過熱しすぎていない上昇余地のある水準です。 / 直近20営業日のリターンがプラスです。,,,
2026-04-29,6464.T,ツバキ・ナカシマ,低位株・東証プライム,7,買い候補,317.0,低単価,47.42408927978374,0.7022770802298361,-0.3809013259366163,-3.353658536585369,10.45296167247387,終値が25日移動平均線を上回っており、中期的には上向きです。 / 5日移動平均線が25日移動平均線を上回っており、短期トレンドが改善しています。 / RSIが40〜65の範囲で、過熱しすぎていない上昇余地のある水準です。 / 直近20営業日のリターンがプラスです。,,,
2026-04-29,8306.T,三菱UFJフィナンシャル・グループ,大型・金融,7,買い候補,2875.0,買いやすい,56.19694734680909,1.2514587248232425,-5.562969435537248,1.5721603956898145,10.576923076923084,終値が25日移動平均線を上回っており、中期的には上向きです。 / RSIが40〜65の範囲で、過熱しすぎていない上昇余地のある水準です。 / 出来高が20日平均をやや上回っています。 / 直近5営業日のリターンがプラスです。 / 直近20営業日のリターンがプラスです。,,,
2026-04-29,9603.T,エイチ・アイ・エス,旅行・旅行代理店,7,買い候補,1060.0,買いやすい,42.47507893058372,1.0747426867611505,0.3207477005136709,-0.7490636704119868,1.7274472168905983,終値が25日移動平均線を下回っており、中期的には弱めです。 / RSIが40〜65の範囲で、過熱しすぎていない上昇余地のある水準です。 / MACDがシグナルを上回っており、上昇モメンタムがあります。 / MACDが直近で陽転しており、買い転換の候補です。 / 直近20営業日のリターンがプラスです。,,,
2026-04-29,2120.T,LIFULL,低位株・東証プライム,6,買い候補,193.0,低単価,43.82882950467214,1.405073420284106,-0.3961507980888554,-1.025641025641022,1.0471204188481575,終値が25日移動平均線を下回っており、中期的には弱めです。 / 25日移動平均線が75日移動平均線を上回っており、上昇基調が確認できます。 / RSIが40〜65の範囲で、過熱しすぎていない上昇余地のある水準です。 / 出来高が20日平均をやや上回っています。 / 直近20営業日のリターンがプラスです。,,,
2026-04-29,3315.T,日本コークス工業,低位株・東証プライム,6,買い候補,106.0,低単価,46.111426194369386,0.3032850767343397,0.0731666607450787,-0.9345794392523366,-7.826086956521738,終値が25日移動平均線を下回っており、中期的には弱めです。 / RSIが40〜65の範囲で、過熱しすぎていない上昇余地のある水準です。 / MACDがシグナルを上回っており、上昇モメンタムがあります。 / MACDが直近で陽転しており、買い転換の候補です。,,,
2026-04-29,3681.T,ブイキューブ,低位株・東証プライム,6,買い候補,55.0,低単価,35.71802562291366,2.0922129690434463,0.5172160816577165,-5.172413793103448,-54.16666666666667,終値が25日移動平均線を下回っており、中期的には弱めです。 / MACDがシグナルを上回っており、上昇モメンタムがあります。 / MACDが直近で陽転しており、買い転換の候補です。 / 出来高が20日平均の1.5倍以上で、注目度が高まっています。,,,
2026-04-29,6615.T,ユー・エム・シー・エレクトロニクス,低位株・東証プライム,6,買い候補,297.0,低単価,45.266920457902415,0.5299883701611563,0.150254310509152,-0.3355704697986628,-1.980198019801982,終値が25日移動平均線を下回っており、中期的には弱めです。 / RSIが40〜65の範囲で、過熱しすぎていない上昇余地のある水準です。 / MACDがシグナルを上回っており、上昇モメンタムがあります。 / MACDが直近で陽転しており、買い転換の候補です。,,,
2026-04-29,3657.T,ポールトゥウィンホールディングス,低位株・東証プライム,5,様子見,306.0,低単価,48.08683600011092,0.62061840454579,-0.4658206841531263,-3.773584905660377,5.517241379310356,終値が25日移動平均線を下回っており、中期的には弱めです。 / 5日移動平均線が25日移動平均線を上回っており、短期トレンドが改善しています。 / RSIが40〜65の範囲で、過熱しすぎていない上昇余地のある水準です。 / 直近20営業日のリターンがプラスです。,,,
2026-04-29,5261.T,リソルホールディングス,旅行・リゾート,5,様子見,7270.0,1万円以内,41.10393033771226,0.723589001447178,9.869636722341056,-1.3568521031207648,2.3943661971830954,終値が25日移動平均線を下回っており、中期的には弱めです。 / RSIが40〜65の範囲で、過熱しすぎていない上昇余地のある水準です。 / MACDがシグナルを上回っており、上昇モメンタムがあります。 / 直近20営業日のリターンがプラスです。,,,
2026-04-29,6191.T,エアトリ,旅行・オンライン旅行,5,様子見,684.0,低単価,40.728986525699575,1.9213433495360144,-1.977322655523056,-2.9787234042553234,0.588235294117645,終値が25日移動平均線を下回っており、中期的には弱めです。 / RSIが40〜65の範囲で、過熱しすぎていない上昇余地のある水準です。 / 出来高が20日平均の1.5倍以上で、注目度が高まっています。 / 直近20営業日のリターンがプラスです。,,,
2026-04-29,6619.T,ダブル・スコープ,低位株・東証プライム,5,様子見,224.0,低単価,49.95318274614401,0.6770785512728698,-3.709786167453915,-0.8849557522123908,5.660377358490565,終値が25日移動平均線を下回っており、中期的には弱めです。 / 25日移動平均線が75日移動平均線を上回っており、上昇基調が確認できます。 / RSIが40〜65の範囲で、過熱しすぎていない上昇余地のある水準です。 / 直近20営業日のリターンがプラスです。,,,
2026-04-29,7211.T,三菱自動車,自動車メーカー・低位株,5,様子見,319.0,低単価,44.20473443699246,0.8334355819259545,2.1366547834290053,-2.6548708828044942,3.841141707057094,終値が25日移動平均線を下回っており、中期的には弱めです。 / RSIが40〜65の範囲で、過熱しすぎていない上昇余地のある水準です。 / MACDがシグナルを上回っており、上昇モメンタムがあります。 / 直近20営業日のリターンがプラスです。,,,
2026-04-29,8058.T,三菱商事,大型・商社,5,様子見,4913.0,1万円以内,43.61153136032204,0.9137157844649054,-42.35265830955768,1.4244426094137008,-7.598269700959193,終値が25日移動平均線を下回っており、中期的には弱めです。 / 25日移動平均線が75日移動平均線を上回っており、上昇基調が確認できます。 / RSIが40〜65の範囲で、過熱しすぎていない上昇余地のある水準です。 / 直近5営業日のリターンがプラスです。,,,
2026-04-29,1873.T,日本ハウスホールディングス,低位株・東証プライム,4,様子見,305.0,低単価,31.315105300835427,3.0032093882711446,-1.7916031637286776,-6.727828746177367,-2.86624203821656,終値が25日移動平均線を下回っており、中期的には弱めです。 / 25日移動平均線が75日移動平均線を上回っており、上昇基調が確認できます。 / 出来高が20日平均の1.5倍以上で、注目度が高まっています。,,,
2026-04-29,3415.T,TOKYO BASE,低位株・東証プライム,4,様子見,417.0,低単価,45.81625957871711,0.4615173716357211,-5.195308372893953,-2.5700934579439227,-0.7142857142857117,終値が25日移動平均線を下回っており、中期的には弱めです。 / 25日移動平均線が75日移動平均線を上回っており、上昇基調が確認できます。 / RSIが40〜65の範囲で、過熱しすぎていない上昇余地のある水準です。,,,
2026-04-29,3632.T,グリーホールディングス,低位株・東証プライム,4,様子見,371.0,低単価,43.09833466909458,1.2523649838854891,-1.207017127804202,-2.368421052631575,0.5420054200542035,終値が25日移動平均線を下回っており、中期的には弱めです。 / RSIが40〜65の範囲で、過熱しすぎていない上昇余地のある水準です。 / 出来高が20日平均をやや上回っています。 / 直近20営業日のリターンがプラスです。,,,
2026-04-29,3926.T,オープンドア,旅行・比較サイト,4,様子見,303.0,低単価,41.5361119538376,0.7744660877728233,0.6694348577970493,-6.481481481481477,-4.113924050632911,終値が25日移動平均線を下回っており、中期的には弱めです。 / RSIが40〜65の範囲で、過熱しすぎていない上昇余地のある水準です。 / MACDがシグナルを上回っており、上昇モメンタムがあります。,,,
2026-04-29,4574.T,大幸薬品,低位株・東証プライム,4,様子見,293.0,低単価,47.25213519628829,1.077189708038928,-0.5797899845348371,-2.006688963210701,-0.6779661016949157,終値が25日移動平均線を下回っており、中期的には弱めです。 / 25日移動平均線が75日移動平均線を上回っており、上昇基調が確認できます。 / RSIが40〜65の範囲で、過熱しすぎていない上昇余地のある水準です。,,,
2026-04-29,4681.T,リゾートトラスト,旅行・ホテル,4,様子見,1762.0,買いやすい,41.3901270003374,0.9712502462339172,-5.390347977112821,0.6569551556698139,1.526937481993662,終値が25日移動平均線を下回っており、中期的には弱めです。 / RSIが40〜65の範囲で、過熱しすぎていない上昇余地のある水準です。 / 直近5営業日のリターンがプラスです。 / 直近20営業日のリターンがプラスです。,,,
2026-04-29,7261.T,マツダ,自動車メーカー,4,様子見,1038.5,買いやすい,41.72346425162262,0.9366773194235268,0.7535127619329387,-4.020332717190389,-0.0481231953801786,終値が25日移動平均線を下回っており、中期的には弱めです。 / RSIが40〜65の範囲で、過熱しすぎていない上昇余地のある水準です。 / MACDがシグナルを上回っており、上昇モメンタムがあります。,,,
2026-04-29,9022.T,東海旅客鉄道,旅行・鉄道,4,様子見,4069.0,1万円以内,42.217653007339415,2.0740577820369817,-7.989198412064539,-3.417991929741282,-0.3672869735553363,終値が25日移動平均線を下回っており、中期的には弱めです。 / RSIが40〜65の範囲で、過熱しすぎていない上昇余地のある水準です。 / 出来高が20日平均の1.5倍以上で、注目度が高まっています。,,,
2026-04-29,9042.T,阪急阪神ホールディングス,旅行・鉄道・ホテル,4,様子見,4539.0,1万円以内,45.56394092320406,1.1619216752686978,-45.05945526609621,-3.8347457627118655,-0.2855887521968414,終値が25日移動平均線を下回っており、中期的には弱めです。 / 25日移動平均線が75日移動平均線を上回っており、上昇基調が確認できます。 / RSIが40〜65の範囲で、過熱しすぎていない上昇余地のある水準です。,,,
2026-04-29,9708.T,帝国ホテル,旅行・ホテル,4,様子見,1217.0,買いやすい,24.362191340722163,1.2406298338158883,-33.2197721207378,-10.05173688100517,-22.037155669442665,終値が25日移動平均線を下回っており、中期的には弱めです。 / 25日移動平均線が75日移動平均線を上回っており、上昇基調が確認できます。 / RSIが30未満で売られすぎ水準です。ただし下落中の可能性もあります。 / 出来高が20日平均をやや上回っています。,,,
2026-04-29,2982.T,ADワークスグループ,低位株・東証プライム,3,様子見,412.0,低単価,45.43668476168673,0.4123194812849985,-1.4257467524817278,-1.904761904761909,1.728395061728394,終値が25日移動平均線を下回っており、中期的には弱めです。 / RSIが40〜65の範囲で、過熱しすぎていない上昇余地のある水準です。 / 直近20営業日のリターンがプラスです。,,,
2026-04-29,3679.T,じげん,低位株・東証プライム,3,様子見,410.0,低単価,44.05683053789908,1.1200580670038789,-0.1464496069587992,-1.9138755980861235,0.2444987775061191,終値が25日移動平均線を下回っており、中期的には弱めです。 / RSIが40〜65の範囲で、過熱しすぎていない上昇余地のある水準です。 / 直近20営業日のリターンがプラスです。,,,
2026-04-29,3835.T,eBASE,低位株・東証プライム,3,様子見,408.0,低単価,46.15989363049777,1.3530902710079935,-0.6023085292190955,-1.210653753026636,0.0,終値が25日移動平均線を下回っており、中期的には弱めです。 / RSIが40〜65の範囲で、過熱しすぎていない上昇余地のある水準です。 / 出来高が20日平均をやや上回っています。,,,
2026-04-29,3963.T,シンクロ・フード,低位株・東証プライム,3,様子見,422.0,低単価,37.831232463851954,0.2951763858891288,1.146821815455871,-6.013363028953234,0.9569377990430672,終値が25日移動平均線を下回っており、中期的には弱めです。 / MACDがシグナルを上回っており、上昇モメンタムがあります。 / 直近20営業日のリターンがプラスです。,,,
2026-04-29,4714.T,リソー教育グループ,低位株・東証プライム,3,様子見,195.0,低単価,44.53905758474878,0.9380062752496772,-0.2854395787772908,-2.500000000000002,1.5625,終値が25日移動平均線を下回っており、中期的には弱めです。 / RSIが40〜65の範囲で、過熱しすぎていない上昇余地のある水準です。 / 直近20営業日のリターンがプラスです。,,,
2026-04-29,6565.T,ABホテル,旅行・ホテル,3,様子見,1428.0,買いやすい,43.76839827102443,0.8807045636509208,-0.2464188803905003,-1.5172413793103412,2.73381294964028,終値が25日移動平均線を下回っており、中期的には弱めです。 / RSIが40〜65の範囲で、過熱しすぎていない上昇余地のある水準です。 / 直近20営業日のリターンがプラスです。,,,
2026-04-29,6758.T,ソニーグループ,大型・テック,3,様子見,3234.0,1万円以内,42.91519248163449,1.1283149526971,-10.37427043432055,-3.347280334728031,0.7790588968525913,終値が25日移動平均線を下回っており、中期的には弱めです。 / RSIが40〜65の範囲で、過熱しすぎていない上昇余地のある水準です。 / 直近20営業日のリターンがプラスです。,,,
2026-04-29,7202.T,いすゞ自動車,自動車メーカー,3,様子見,2271.0,買いやすい,42.324100640295605,1.111427782980244,-0.820801692428752,-4.055766793409377,2.2512381809995485,終値が25日移動平均線を下回っており、中期的には弱めです。 / RSIが40〜65の範囲で、過熱しすぎていない上昇余地のある水準です。 / 直近20営業日のリターンがプラスです。,,,
2026-04-29,7270.T,SUBARU,自動車メーカー,3,様子見,2438.5,買いやすい,35.53985051064784,1.2313115734474835,2.075305602051074,-5.135187706671851,-1.8119589289309457,終値が25日移動平均線を下回っており、中期的には弱めです。 / MACDがシグナルを上回っており、上昇モメンタムがあります。 / 出来高が20日平均をやや上回っています。,,,
2026-04-29,8729.T,ソニーフィナンシャルグループ,低位株・東証プライム,3,様子見,138.1999969482422,低単価,41.67325309047278,1.4312528822840116,-0.9301992409318576,-5.147563594434579,-3.491620186142308,終値が25日移動平均線を下回っており、中期的には弱めです。 / RSIが40〜65の範囲で、過熱しすぎていない上昇余地のある水準です。 / 出来高が20日平均をやや上回っています。,,,
2026-04-29,8897.T,MIRARTHホールディングス,低位株・東証プライム,3,様子見,399.0,低単価,35.98490612845285,0.4146929921643277,-3.233669325810498,-2.20588235294118,0.5037783375314797,終値が25日移動平均線を下回っており、中期的には弱めです。 / 25日移動平均線が75日移動平均線を上回っており、上昇基調が確認できます。 / 直近20営業日のリターンがプラスです。,,,
2026-04-29,9202.T,ANAホールディングス,旅行・航空,3,様子見,2629.0,買いやすい,28.93074362564612,1.7358011593376037,-18.38022809459396,-7.835232252410162,-6.241084165477884,終値が25日移動平均線を下回っており、中期的には弱めです。 / RSIが30未満で売られすぎ水準です。ただし下落中の可能性もあります。 / 出来高が20日平均の1.5倍以上で、注目度が高まっています。,,,
2026-04-29,9722.T,藤田観光,旅行・ホテル,3,様子見,2098.0,買いやすい,42.42256697869579,1.061866295932309,-14.864261825022464,-6.08773500447628,2.944062806673209,終値が25日移動平均線を下回っており、中期的には弱めです。 / RSIが40〜65の範囲で、過熱しすぎていない上昇余地のある水準です。 / 直近20営業日のリターンがプラスです。,,,
2026-04-29,3010.T,ポラリス・ホールディングス,旅行・ホテル,2,弱い / 見送り,176.0,低単価,43.51847463119338,0.8541599047928162,-0.1504788519925302,-1.6759776536312887,-0.5649717514124242,終値が25日移動平均線を下回っており、中期的には弱めです。 / RSIが40〜65の範囲で、過熱しすぎていない上昇余地のある水準です。,,,
2026-04-29,3665.T,エニグモ,低位株・東証プライム,2,弱い / 見送り,372.0,低単価,41.1421065550823,0.8682943603851444,-0.3713843201647506,-3.125,-1.846965699208447,終値が25日移動平均線を下回っており、中期的には弱めです。 / RSIが40〜65の範囲で、過熱しすぎていない上昇余地のある水準です。,,,
2026-04-29,6031.T,サイジニア,低単価・ネット,2,弱い / 見送り,279.0,低単価,45.401849269561154,0.7558032706559686,-1.1647873166872005,-2.7874564459930307,-1.7605633802816878,終値が25日移動平均線を下回っており、中期的には弱めです。 / RSIが40〜65の範囲で、過熱しすぎていない上昇余地のある水準です。,,,
2026-04-29,6572.T,オープングループ,低位株・東証プライム,2,弱い / 見送り,217.0,低単価,42.59983893546044,0.3081982866084927,-0.0646404000681206,-0.4587155963302725,-2.2522522522522515,終値が25日移動平均線を下回っており、中期的には弱めです。 / RSIが40〜65の範囲で、過熱しすぎていない上昇余地のある水準です。,,,
2026-04-29,7269.T,スズキ,自動車メーカー,2,弱い / 見送り,1800.0,買いやすい,39.97988642377032,0.7982920455301565,2.47096813935724,-3.6660422799036696,-4.025593175153297,終値が25日移動平均線を下回っており、中期的には弱めです。 / MACDがシグナルを上回っており、上昇モメンタムがあります。,,,
2026-04-29,8410.T,セブン銀行,金融・低位株,2,弱い / 見送り,266.3999938964844,低単価,42.43641170639002,0.964810764997018,-0.031834232794532,-0.9297136692990816,-0.4856250471671597,終値が25日移動平均線を下回っており、中期的には弱めです。 / RSIが40〜65の範囲で、過熱しすぎていない上昇余地のある水準です。,,,
2026-04-29,9005.T,東急,旅行・鉄道・ホテル,2,弱い / 見送り,1687.0,買いやすい,25.46626674417781,1.2596687372745687,-20.81547400648336,-4.527447651386529,-9.374160623153372,終値が25日移動平均線を下回っており、中期的には弱めです。 / RSIが30未満で売られすぎ水準です。ただし下落中の可能性もあります。 / 出来高が20日平均をやや上回っています。,,,
2026-04-29,9010.T,富士急行,旅行・レジャー,2,弱い / 見送り,2268.0,買いやすい,38.48246532925075,0.9925367929134408,-22.505024021158142,-1.5625,-6.743421052631582,終値が25日移動平均線を下回っており、中期的には弱めです。 / 25日移動平均線が75日移動平均線を上回っており、上昇基調が確認できます。,,,
2026-04-29,9142.T,九州旅客鉄道,旅行・鉄道,2,弱い / 見送り,3676.0,1万円以内,40.06978324482058,0.7459994564366955,-2.883337543189427,-1.632325394701628,-2.3119851182567097,終値が25日移動平均線を下回っており、中期的には弱めです。 / RSIが40〜65の範囲で、過熱しすぎていない上昇余地のある水準です。,,,
2026-04-29,9424.T,日本通信,低位株・東証プライム,2,弱い / 見送り,125.0,低単価,42.7980095673848,1.1741691625866204,-0.1967312648083021,-3.100775193798455,-2.34375,終値が25日移動平均線を下回っており、中期的には弱めです。 / RSIが40〜65の範囲で、過熱しすぎていない上昇余地のある水準です。,,,
2026-04-29,9616.T,共立メンテナンス,旅行・ホテル,2,弱い / 見送り,2424.0,買いやすい,40.42428879563212,0.7837425868442327,-14.336571945539076,-3.980986333927505,-0.3903842202588881,終値が25日移動平均線を下回っており、中期的には弱めです。 / RSIが40〜65の範囲で、過熱しすぎていない上昇余地のある水準です。,,,
2026-04-29,9723.T,京都ホテル,旅行・ホテル,2,弱い / 見送り,639.0,低単価,38.437095093059725,1.131386861313869,-1.7969915314722522,-1.9938650306748464,-2.73972602739726,終値が25日移動平均線を下回っており、中期的には弱めです。 / 25日移動平均線が75日移動平均線を上回っており、上昇基調が確認できます。,,,
2026-04-29,4661.T,オリエンタルランド,旅行・レジャー,1,弱い / 見送り,2434.5,買いやすい,32.83383986569231,1.4639096233317117,-20.749574299319228,-6.831228473019513,-9.83333333333334,終値が25日移動平均線を下回っており、中期的には弱めです。 / 出来高が20日平均をやや上回っています。,,,
2026-04-29,5535.T,ミガロホールディングス,低位株・東証プライム,1,弱い / 見送り,325.0,低単価,38.14296503623723,0.4203012037222515,-0.7092371309005099,-4.970760233918126,3.174603174603185,終値が25日移動平均線を下回っており、中期的には弱めです。 / 直近20営業日のリターンがプラスです。,,,
2026-04-29,6030.T,アドベンチャー,旅行・オンライン旅行,1,弱い / 見送り,1612.0,買いやすい,38.67336112582097,0.6687898089171974,-7.8974347942427485,-5.509964830011727,0.0620732464307938,終値が25日移動平均線を下回っており、中期的には弱めです。 / 直近20営業日のリターンがプラスです。,,,
2026-04-29,6548.T,旅工房,旅行・旅行代理店,1,弱い / 見送り,133.0,低単価,33.951938180021884,1.3755218633267414,-1.2866051767669635,-8.904109589041099,-4.316546762589923,終値が25日移動平均線を下回っており、中期的には弱めです。 / 出来高が20日平均をやや上回っています。,,,
2026-04-29,9021.T,西日本旅客鉄道,旅行・鉄道,1,弱い / 見送り,2963.5,買いやすい,32.71769516753871,1.362991866967638,-9.992813337727284,-2.6445466491458625,-5.258951406649615,終値が25日移動平均線を下回っており、中期的には弱めです。 / 出来高が20日平均をやや上回っています。,,,
2026-04-29,9432.T,NTT,大型・通信・低位株,1,弱い / 見送り,151.10000610351562,低単価,37.465346193123466,1.302106030697082,-0.3215527617133332,-0.7879165621778594,-3.880401376047715,終値が25日移動平均線を下回っており、中期的には弱めです。 / 出来高が20日平均をやや上回っています。,,,
2026-04-29,2146.T,UTグループ,低位株・東証プライム,0,弱い / 見送り,184.0,低単価,37.07630567247835,0.6350295374811379,-0.7778226147225986,-2.645502645502651,-5.154639175257736,終値が25日移動平均線を下回っており、中期的には弱めです。,,,
2026-04-29,2315.T,CAICA DIGITAL,低単価・金融IT,0,弱い / 見送り,72.0,低単価,37.83492462836537,0.6794175122866474,-0.3166124368071044,-6.493506493506496,-5.263157894736848,終値が25日移動平均線を下回っており、中期的には弱めです。,,,
2026-04-29,2353.T,日本駐車場開発,低位株・東証プライム,0,弱い / 見送り,252.0,低単価,32.38625637436691,0.6574943553717068,-3.207262256529789,-4.9056603773584895,-5.263157894736848,終値が25日移動平均線を下回っており、中期的には弱めです。,,,
2026-04-29,2471.T,エスプール,低位株・東証プライム,0,弱い / 見送り,243.0,低単価,38.57915676633249,0.7370233222893523,-2.010261238811566,-3.9525691699604737,-2.8000000000000025,終値が25日移動平均線を下回っており、中期的には弱めです。,,,
2026-04-29,3656.T,KLab,低位株・東証プライム,0,弱い / 見送り,245.0,低単価,33.04167154939768,0.811399313517682,-8.240326220337211,-20.71197411003236,-21.221864951768488,終値が25日移動平均線を下回っており、中期的には弱めです。,,,
2026-04-29,3672.T,オルトプラス,低単価・ゲーム,0,弱い / 見送り,35.0,低単価,31.41864622417411,0.6358243357356432,-0.2659783909217441,-10.256410256410254,-16.666666666666664,終値が25日移動平均線を下回っており、中期的には弱めです。,,,
2026-04-29,543A.T,ARCHION,自動車メーカー・低位株,0,データ不足,,不明,,,,,,指標計算に必要なデータが不足しています。,,,
2026-04-29,544A.T,GMSグループ,低位株・東証プライム,0,データ不足,,不明,,,,,,指標計算に必要なデータが不足しています。,,,
2026-04-29,7034.T,プロレド・パートナーズ,低位株・東証プライム,0,弱い / 見送り,401.0,低単価,37.2967842635136,0.7261334316255068,-0.9138416297802116,-6.744186046511624,-4.976303317535546,終値が25日移動平均線を下回っており、中期的には弱めです。,,,
2026-04-29,7048.T,ベルトラ,旅行・体験予約,0,弱い / 見送り,164.0,低単価,39.94481484898143,0.6502975807074949,-1.505631540911235,-8.37988826815642,-5.747126436781613,終値が25日移動平均線を下回っており、中期的には弱めです。,,,
2026-04-29,7071.T,アンビスホールディングス,低位株・東証プライム,0,弱い / 見送り,392.0,低単価,36.47113097191335,1.182439072327044,-1.731737840136944,-4.390243902439028,-4.390243902439028,終値が25日移動平均線を下回っており、中期的には弱めです。,,,
2026-04-29,7203.T,トヨタ自動車,大型・製造,0,弱い / 見送り,3112.0,1万円以内,37.47994816414828,1.1699819838957215,-20.3350245760484,-5.1219512195122,-1.5812776723592714,終値が25日移動平均線を下回っており、中期的には弱めです。,,,
2026-04-29,7974.T,任天堂,大型・ゲーム,0,弱い / 見送り,7922.0,1万円以内,32.80792312130376,0.8913351835082862,-37.154196302505966,-6.014948392454622,-9.720797720797725,終値が25日移動平均線を下回っており、中期的には弱めです。,,,
2026-04-29,8798.T,アドバンスクリエイト,低位株・東証プライム,0,弱い / 見送り,177.0,低単価,34.97115668579747,1.1238738738738738,-0.6763746493726792,-4.838709677419351,-7.8125,終値が25日移動平均線を下回っており、中期的には弱めです。,,,
2026-04-29,9020.T,東日本旅客鉄道,旅行・鉄道,0,弱い / 見送り,3451.0,1万円以内,37.940439751021984,0.9482964707151138,-4.716151180390071,-2.624153498871329,-4.800000000000004,終値が25日移動平均線を下回っており、中期的には弱めです。,,,
2026-04-29,9201.T,日本航空,旅行・航空,0,弱い / 見送り,2465.5,買いやすい,38.12868230296559,0.9273378068490484,-2.5339754869460904,-3.237833594976447,-3.672592303184219,終値が25日移動平均線を下回っており、中期的には弱めです。,,,
2026-04-29,9229.T,サンウェルズ,低位株・東証プライム,0,弱い / 見送り,198.0,低単価,31.40298813309724,0.558223147337796,-4.123924096521494,-18.181818181818176,-19.83805668016194,終値が25日移動平均線を下回っており、中期的には弱めです。,,,
2026-04-29,7203.T,トヨタ自動車,大型・製造,0,弱い / 見送り,3112.0,1万円以内,37.47994816414828,1.1699819838957215,-20.3350245760484,-5.1219512195122,-1.5812776723592714,,watchlist.csv,7203.T,
2026-04-29,6758.T,ソニーグループ,大型・テック,3,様子見,3234.0,1万円以内,42.91519248163449,1.1283149526971,-10.37427043432055,-3.347280334728031,0.7790588968525913,,watchlist.csv,6758.T,
2026-04-29,7974.T,任天堂,大型・ゲーム,0,弱い / 見送り,7922.0,1万円以内,32.80792312130376,0.8913351835082862,-37.154196302505966,-6.014948392454622,-9.720797720797725,,watchlist.csv,7974.T,
2026-04-29,8058.T,三菱商事,大型・商社,5,様子見,4913.0,1万円以内,43.61153136032204,0.9137157844649054,-42.35265830955768,1.4244426094137008,-7.598269700959193,,watchlist.csv,8058.T,
2026-04-29,8306.T,三菱UFJフィナンシャル・グループ,大型・金融,7,買い候補,2875.0,買いやすい,56.19694734680909,1.2514587248232425,-5.562969435537248,1.5721603956898145,10.576923076923084,,watchlist.csv,8306.T,
2026-04-29,9984.T,ソフトバンクグループ,大型・AI関連,12,強い買い候補,5268.0,1万円以内,62.16317892480934,1.3443495235187732,150.45316254248428,1.6792125072379926,48.18565400843882,,watchlist.csv,9984.T,
2026-04-29,4661.T,オリエンタルランド,旅行・レジャー,1,弱い / 見送り,2434.5,買いやすい,32.83383986569231,1.4639096233317117,-20.749574299319228,-6.831228473019513,-9.83333333333334,,watchlist.csv,4661.T,
2026-04-29,9603.T,エイチ・アイ・エス,旅行・旅行代理店,7,買い候補,1060.0,買いやすい,42.47507893058372,1.0747426867611505,0.3207477005136709,-0.7490636704119868,1.7274472168905983,,watchlist.csv,9603.T,
2026-04-29,9722.T,藤田観光,旅行・ホテル,3,様子見,2098.0,買いやすい,42.42256697869579,1.061866295932309,-14.864261825022464,-6.08773500447628,2.944062806673209,,watchlist.csv,9722.T,
2026-04-29,9616.T,共立メンテナンス,旅行・ホテル,2,弱い / 見送り,2424.0,買いやすい,40.42428879563212,0.7837425868442327,-14.336571945539076,-3.980986333927505,-0.3903842202588881,,watchlist.csv,9616.T,
2026-04-29,9708.T,帝国ホテル,旅行・ホテル,4,様子見,1217.0,買いやすい,24.362191340722163,1.2406298338158883,-33.2197721207378,-10.05173688100517,-22.037155669442665,,watchlist.csv,9708.T,
2026-04-29,4681.T,リゾートトラスト,旅行・ホテル,4,様子見,1762.0,買いやすい,41.3901270003374,0.9712502462339172,-5.390347977112821,0.6569551556698139,1.526937481993662,,watchlist.csv,4681.T,
2026-04-29,5261.T,リソルホールディングス,旅行・リゾート,5,様子見,7270.0,1万円以内,41.10393033771226,0.723589001447178,9.869636722341056,-1.3568521031207648,2.3943661971830954,,watchlist.csv,5261.T,
2026-04-29,9723.T,京都ホテル,旅行・ホテル,2,弱い / 見送り,639.0,低単価,38.437095093059725,1.131386861313869,-1.7969915314722522,-1.9938650306748464,-2.73972602739726,,watchlist.csv,9723.T,
2026-04-29,9656.T,グリーンランドリゾート,旅行・レジャー,12,強い買い候補,613.0,低単価,50.4141461886283,3.095975232198142,0.1864970214662729,-0.648298217179899,0.8223684210526327,,watchlist.csv,9656.T,
2026-04-29,4691.T,ワシントンホテル,旅行・ホテル,9,強い買い候補,2105.0,買いやすい,68.90526316263515,0.2355428053752076,13.995085304246942,-4.491833030852998,58.38976674191121,,watchlist.csv,4691.T,
2026-04-29,6565.T,ABホテル,旅行・ホテル,3,様子見,1428.0,買いやすい,43.76839827102443,0.8807045636509208,-0.2464188803905003,-1.5172413793103412,2.73381294964028,,watchlist.csv,6565.T,
2026-04-29,3010.T,ポラリス・ホールディングス,旅行・ホテル,2,弱い / 見送り,176.0,低単価,43.51847463119338,0.8541599047928162,-0.1504788519925302,-1.6759776536312887,-0.5649717514124242,,watchlist.csv,3010.T,
2026-04-29,9020.T,東日本旅客鉄道,旅行・鉄道,0,弱い / 見送り,3451.0,1万円以内,37.940439751021984,0.9482964707151138,-4.716151180390071,-2.624153498871329,-4.800000000000004,,watchlist.csv,9020.T,
2026-04-29,9021.T,西日本旅客鉄道,旅行・鉄道,1,弱い / 見送り,2963.5,買いやすい,32.71769516753871,1.362991866967638,-9.992813337727284,-2.6445466491458625,-5.258951406649615,,watchlist.csv,9021.T,
2026-04-29,9022.T,東海旅客鉄道,旅行・鉄道,4,様子見,4069.0,1万円以内,42.217653007339415,2.0740577820369817,-7.989198412064539,-3.417991929741282,-0.3672869735553363,,watchlist.csv,9022.T,
2026-04-29,9142.T,九州旅客鉄道,旅行・鉄道,2,弱い / 見送り,3676.0,1万円以内,40.06978324482058,0.7459994564366955,-2.883337543189427,-1.632325394701628,-2.3119851182567097,,watchlist.csv,9142.T,
2026-04-29,9201.T,日本航空,旅行・航空,0,弱い / 見送り,2465.5,買いやすい,38.12868230296559,0.9273378068490484,-2.5339754869460904,-3.237833594976447,-3.672592303184219,,watchlist.csv,9201.T,
2026-04-29,9202.T,ANAホールディングス,旅行・航空,3,様子見,2629.0,買いやすい,28.93074362564612,1.7358011593376037,-18.38022809459396,-7.835232252410162,-6.241084165477884,,watchlist.csv,9202.T,
2026-04-29,9005.T,東急,旅行・鉄道・ホテル,2,弱い / 見送り,1687.0,買いやすい,25.466266744177812,1.2596687372745687,-20.81547400648336,-4.527447651386529,-9.374160623153372,,watchlist.csv,9005.T,
2026-04-29,9041.T,近鉄グループホールディングス,旅行・鉄道・ホテル,9,強い買い候補,3356.0,1万円以内,53.53160873320704,0.6872463709596011,-4.434284148208903,-1.0321439103509245,4.223602484472044,,watchlist.csv,9041.T,
2026-04-29,9042.T,阪急阪神ホールディングス,旅行・鉄道・ホテル,4,様子見,4539.0,1万円以内,45.56394092320406,1.1619216752686978,-45.05945526609621,-3.8347457627118655,-0.2855887521968414,,watchlist.csv,9042.T,
2026-04-29,9048.T,名古屋鉄道,旅行・鉄道,10,強い買い候補,1777.5,買いやすい,52.63424325199795,1.7508407767692475,-1.643112051921526,1.397604107244721,2.983777520278097,,watchlist.csv,9048.T,
2026-04-29,9010.T,富士急行,旅行・レジャー,2,弱い / 見送り,2268.0,買いやすい,38.48246532925075,0.9925367929134408,-22.505024021158142,-1.5625,-6.743421052631582,,watchlist.csv,9010.T,
2026-04-29,6191.T,エアトリ,旅行・オンライン旅行,5,様子見,684.0,低単価,40.728986525699575,1.9213433495360144,-1.9773226555230556,-2.9787234042553234,0.588235294117645,,watchlist.csv,6191.T,
2026-04-29,7048.T,ベルトラ,旅行・体験予約,0,弱い / 見送り,164.0,低単価,39.94481484898143,0.6502975807074949,-1.505631540911235,-8.37988826815642,-5.747126436781613,,watchlist.csv,7048.T,
2026-04-29,6030.T,アドベンチャー,旅行・オンライン旅行,1,弱い / 見送り,1612.0,買いやすい,38.67336112582097,0.6687898089171974,-7.8974347942427485,-5.509964830011727,0.0620732464307938,,watchlist.csv,6030.T,
2026-04-29,3926.T,オープンドア,旅行・比較サイト,4,様子見,303.0,低単価,41.5361119538376,0.7744660877728233,0.6694348577970493,-6.481481481481477,-4.113924050632911,,watchlist.csv,3926.T,
2026-04-29,6548.T,旅工房,旅行・旅行代理店,1,弱い / 見送り,133.0,低単価,33.951938180021884,1.3755218633267414,-1.2866051767669635,-8.904109589041099,-4.316546762589923,,watchlist.csv,6548.T,
2026-04-29,6031.T,サイジニア,低単価・ネット,2,弱い / 見送り,279.0,低単価,45.401849269561154,0.7558032706559686,-1.1647873166872005,-2.7874564459930307,-1.7605633802816878,,watchlist.csv,6031.T,
2026-04-29,3672.T,オルトプラス,低単価・ゲーム,0,弱い / 見送り,35.0,低単価,31.41864622417411,0.6358243357356432,-0.2659783909217441,-10.256410256410254,-16.666666666666664,,watchlist.csv,3672.T,
2026-04-29,7777.T,スリー・ディー・マトリックス,低単価・バイオ,9,強い買い候補,518.0,低単価,49.78350417174965,0.4636527099922938,2.412206005008528,-9.756097560975608,23.923444976076546,,watchlist.csv,7777.T,
2026-04-29,4597.T,ソレイジア・ファーマ,低単価・バイオ,7,買い候補,34.0,低単価,48.349922016212496,0.7791081298285498,-0.3435528034020674,-12.82051282051282,9.6774193548387,,watchlist.csv,4597.T,
2026-04-29,6740.T,ジャパンディスプレイ,低単価・電子部品,9,強い買い候補,94.0,低単価,52.31977362598968,0.43832651611605,-1.8995600251293645,-9.615384615384617,30.55555555555556,,watchlist.csv,6740.T,
2026-04-29,2315.T,CAICA DIGITAL,低単価・金融IT,0,弱い / 見送り,72.0,低単価,37.83492462836537,0.6794175122866474,-0.3166124368071044,-6.493506493506496,-5.263157894736848,,watchlist.csv,2315.T,
2026-04-29,AAPL,Apple,米国大型テック,11,強い買い候補,268.8399963378906,米国株/海外ETF,55.8123459606897,0.2488779539746686,0.5235392556307294,-1.5850997097048625,5.930101048070036,,watchlist.csv,AAPL,
2026-04-29,NVDA,NVIDIA,米国AI半導体,10,強い買い候補,211.00999450683597,米国株/海外ETF,67.80689998119641,0.3661800983962003,1.9163166228817952,4.202466423128848,20.99197356169722,,watchlist.csv,NVDA,
2026-04-29,MSFT,Microsoft,米国大型テック,9,強い買い候補,424.6799926757813,米国株/海外ETF,61.9073348424022,0.3774721923079041,3.2020171850761727,-1.9033587028493004,14.725660445396516,,watchlist.csv,MSFT,
2026-04-29,TSLA,Tesla,米国EV・成長株,9,強い買い候補,371.9299926757813,米国株/海外ETF,46.74609590777033,0.349726465999406,1.1235794190404678,-4.020545714229917,0.048417666652667,,watchlist.csv,TSLA,
2026-04-29,3681.T,ブイキューブ,低位株・東証プライム,6,買い候補,55.0,低単価,35.71802562291366,2.0922129690434463,0.5172160816577165,-5.172413793103448,-54.16666666666667,,watchlist.csv,3681.T,
2026-04-29,3315.T,日本コークス工業,低位株・東証プライム,6,買い候補,106.0,低単価,46.111426194369386,0.3032850767343397,0.0731666607450787,-0.9345794392523366,-7.826086956521738,,watchlist.csv,3315.T,
2026-04-29,9424.T,日本通信,低位株・東証プライム,2,弱い / 見送り,125.0,低単価,42.7980095673848,1.1741691625866204,-0.1967312648083021,-3.100775193798455,-2.34375,,watchlist.csv,9424.T,
2026-04-29,4344.T,ソースネクスト,低位株・東証プライム,9,強い買い候補,126.0,低単価,49.05346379440456,0.740047933594435,0.0365442258349902,-0.7874015748031482,3.278688524590168,,watchlist.csv,4344.T,
2026-04-29,7238.T,曙ブレーキ工業,自動車関連・低位株,11,強い買い候補,128.0,低単価,51.42904089648504,0.7498640762622785,0.0238213554766133,-3.030303030303028,9.401709401709413,,watchlist.csv,7238.T,
2026-04-29,2930.T,北の達人コーポレーション,低位株・東証プライム,9,強い買い候補,133.0,低単価,56.35191293794088,0.7850155094249582,0.6853422387673627,-2.9197080291970767,9.016393442622949,,watchlist.csv,2930.T,
2026-04-29,8729.T,ソニーフィナンシャルグループ,低位株・東証プライム,3,様子見,138.1999969482422,低単価,41.67325309047278,1.4312528822840116,-0.9301992409318576,-5.147563594434579,-3.491620186142308,,watchlist.csv,8729.T,
2026-04-29,9432.T,NTT,大型・通信・低位株,1,弱い / 見送り,151.10000610351562,低単価,37.465346193123466,1.302106030697082,-0.3215527617133332,-0.7879165621778594,-3.880401376047715,,watchlist.csv,9432.T,
2026-04-29,8798.T,アドバンスクリエイト,低位株・東証プライム,0,弱い / 見送り,177.0,低単価,34.97115668579747,1.1238738738738738,-0.6763746493726792,-4.838709677419351,-7.8125,,watchlist.csv,8798.T,
2026-04-29,2146.T,UTグループ,低位株・東証プライム,0,弱い / 見送り,184.0,低単価,37.07630567247835,0.6350295374811379,-0.7778226147225986,-2.645502645502651,-5.154639175257736,,watchlist.csv,2146.T,
2026-04-29,2120.T,LIFULL,低位株・東証プライム,6,買い候補,193.0,低単価,43.82882950467214,1.405073420284106,-0.3961507980888554,-1.025641025641022,1.0471204188481575,,watchlist.csv,2120.T,
2026-04-29,4714.T,リソー教育グループ,低位株・東証プライム,3,様子見,195.0,低単価,44.53905758474878,0.9380062752496772,-0.2854395787772908,-2.500000000000002,1.5625,,watchlist.csv,4714.T,
2026-04-29,9229.T,サンウェルズ,低位株・東証プライム,0,弱い / 見送り,198.0,低単価,31.40298813309724,0.558223147337796,-4.123924096521494,-18.181818181818176,-19.83805668016194,,watchlist.csv,9229.T,
2026-04-29,6572.T,オープングループ,低位株・東証プライム,2,弱い / 見送り,217.0,低単価,42.59983893546044,0.3081982866084927,-0.0646404000681206,-0.4587155963302725,-2.2522522522522515,,watchlist.csv,6572.T,
2026-04-29,9434.T,ソフトバンク,大型・通信・低位株,9,強い買い候補,219.3000030517578,低単価,52.37835062743503,0.866687223631669,-0.1878237623860272,-1.2162148415505336,3.884413411253629,,watchlist.csv,9434.T,
2026-04-29,6619.T,ダブル・スコープ,低位株・東証プライム,5,様子見,224.0,低単価,49.95318274614401,0.6770785512728698,-3.709786167453915,-0.8849557522123908,5.660377358490565,,watchlist.csv,6619.T,
2026-04-29,2181.T,パーソルホールディングス,低位株・東証プライム,9,強い買い候補,240.1999969482422,低単価,52.08220320812575,0.8379728987910415,0.3305641466104312,-0.2077274642041326,3.9826826615767086,,watchlist.csv,2181.T,
2026-04-29,2471.T,エスプール,低位株・東証プライム,0,弱い / 見送り,243.0,低単価,38.57915676633249,0.7370233222893523,-2.010261238811566,-3.9525691699604737,-2.8000000000000025,,watchlist.csv,2471.T,
2026-04-29,3656.T,KLab,低位株・東証プライム,0,弱い / 見送り,245.0,低単価,33.04167154939768,0.811399313517682,-8.240326220337211,-20.71197411003236,-21.221864951768488,,watchlist.csv,3656.T,
2026-04-29,2353.T,日本駐車場開発,低位株・東証プライム,0,弱い / 見送り,252.0,低単価,32.38625637436691,0.6574943553717068,-3.207262256529789,-4.9056603773584895,-5.263157894736848,,watchlist.csv,2353.T,
2026-04-29,8410.T,セブン銀行,金融・低位株,2,弱い / 見送り,266.3999938964844,低単価,42.43641170639002,0.964810764997018,-0.031834232794532,-0.9297136692990816,-0.4856250471671597,,watchlist.csv,8410.T,
2026-04-29,4574.T,大幸薬品,低位株・東証プライム,4,様子見,293.0,低単価,47.25213519628829,1.077189708038928,-0.5797899845348371,-2.006688963210701,-0.6779661016949157,,watchlist.csv,4574.T,
2026-04-29,6615.T,ユー・エム・シー・エレクトロニクス,低位株・東証プライム,6,買い候補,297.0,低単価,45.266920457902415,0.5299883701611563,0.150254310509152,-0.3355704697986628,-1.980198019801982,,watchlist.csv,6615.T,
2026-04-29,1873.T,日本ハウスホールディングス,低位株・東証プライム,4,様子見,305.0,低単価,31.315105300835427,3.0032093882711446,-1.7916031637286776,-6.727828746177367,-2.86624203821656,,watchlist.csv,1873.T,
2026-04-29,3657.T,ポールトゥウィンホールディングス,低位株・東証プライム,5,様子見,306.0,低単価,48.08683600011092,0.62061840454579,-0.4658206841531263,-3.773584905660377,5.517241379310356,,watchlist.csv,3657.T,
2026-04-29,5269.T,日本コンクリート工業,低位株・東証プライム,8,買い候補,317.0,低単価,49.59151769870383,0.6718426501035196,1.195187098140373,1.6025641025640969,0.9554140127388644,,watchlist.csv,5269.T,
2026-04-29,6464.T,ツバキ・ナカシマ,低位株・東証プライム,7,買い候補,317.0,低単価,47.42408927978374,0.7022770802298361,-0.3809013259366163,-3.353658536585369,10.45296167247387,,watchlist.csv,6464.T,
2026-04-29,7211.T,三菱自動車,自動車メーカー・低位株,5,様子見,319.0,低単価,44.20473443699246,0.8334355819259545,2.1366547834290053,-2.6548708828044942,3.841141707057094,,watchlist.csv,7211.T,
2026-04-29,5535.T,ミガロホールディングス,低位株・東証プライム,1,弱い / 見送り,325.0,低単価,38.14296503623723,0.4203012037222515,-0.7092371309005099,-4.970760233918126,3.174603174603185,,watchlist.csv,5535.T,
2026-04-29,543A.T,ARCHION,自動車メーカー・低位株,0,データ不足,,不明,,,,,,,watchlist.csv,543A.T,
2026-04-29,3903.T,gumi,低位株・東証プライム,8,買い候補,341.0,低単価,51.48161175622088,1.241200259623546,-0.3446946371622368,-2.571428571428569,7.232704402515733,,watchlist.csv,3903.T,
2026-04-29,6472.T,NTN,自動車関連・低位株,9,強い買い候補,351.3999938964844,低単価,52.3187890742695,0.8969801211020672,1.2394333986321062,-3.035320139420872,10.0532437615779,,watchlist.csv,6472.T,
2026-04-29,4392.T,FIG,低位株・東証プライム,11,強い買い候補,353.0,低単価,63.9404783534217,1.3804795349963672,3.292005094594927,1.729106628242083,13.87096774193548,,watchlist.csv,4392.T,
2026-04-29,7201.T,日産自動車,自動車メーカー・低位株,11,強い買い候補,362.5,低単価,50.42617718075359,1.962917307217238,0.9641236615988592,-2.0270270270270285,8.858858858858865,,watchlist.csv,7201.T,
2026-04-29,3632.T,グリーホールディングス,低位株・東証プライム,4,様子見,371.0,低単価,43.09833466909458,1.2523649838854891,-1.207017127804202,-2.368421052631575,0.5420054200542035,,watchlist.csv,3632.T,
2026-04-29,3665.T,エニグモ,低位株・東証プライム,2,弱い / 見送り,372.0,低単価,41.1421065550823,0.8682943603851444,-0.3713843201647506,-3.125,-1.846965699208447,,watchlist.csv,3665.T,
2026-04-29,1786.T,オリエンタル白石,低位株・東証プライム,9,強い買い候補,381.0,低単価,53.88194940503399,1.376614977998341,2.006621148336622,2.695417789757415,2.144772117962468,,watchlist.csv,1786.T,
2026-04-29,7071.T,アンビスホールディングス,低位株・東証プライム,0,弱い / 見送り,392.0,低単価,36.47113097191335,1.182439072327044,-1.731737840136944,-4.390243902439028,-4.390243902439028,,watchlist.csv,7071.T,
2026-04-29,544A.T,GMSグループ,低位株・東証プライム,0,データ不足,,不明,,,,,,,watchlist.csv,544A.T,
2026-04-29,8897.T,MIRARTHホールディングス,低位株・東証プライム,3,様子見,399.0,低単価,35.98490612845285,0.4146929921643277,-3.233669325810498,-2.20588235294118,0.5037783375314797,,watchlist.csv,8897.T,
2026-04-29,7034.T,プロレド・パートナーズ,低位株・東証プライム,0,弱い / 見送り,401.0,低単価,37.2967842635136,0.7261334316255068,-0.9138416297802116,-6.744186046511624,-4.976303317535546,,watchlist.csv,7034.T,
2026-04-29,9535.T,広島ガス,低位株・東証プライム,12,強い買い候補,405.0,低単価,58.387794975651325,1.2258309797957854,0.1860119376743987,2.7918781725888357,1.2499999999999956,,watchlist.csv,9535.T,
2026-04-29,3835.T,eBASE,低位株・東証プライム,3,様子見,408.0,低単価,46.15989363049777,1.3530902710079935,-0.6023085292190955,-1.210653753026636,0.0,,watchlist.csv,3835.T,
2026-04-29,2931.T,ユーグレナ,低位株・東証プライム,10,強い買い候補,409.0,低単価,55.145662251478406,0.6299474173769434,-0.8639732408409335,1.2376237623762387,1.9950124688279391,,watchlist.csv,2931.T,
2026-04-29,3679.T,じげん,低位株・東証プライム,3,様子見,410.0,低単価,44.05683053789908,1.1200580670038789,-0.1464496069587992,-1.9138755980861235,0.2444987775061191,,watchlist.csv,3679.T,
2026-04-29,2982.T,ADワークスグループ,低位株・東証プライム,3,様子見,412.0,低単価,45.43668476168673,0.4123194812849985,-1.4257467524817278,-1.904761904761909,1.728395061728394,,watchlist.csv,2982.T,
2026-04-29,3415.T,TOKYO BASE,低位株・東証プライム,4,様子見,417.0,低単価,45.81625957871711,0.4615173716357211,-5.195308372893953,-2.5700934579439227,-0.7142857142857117,,watchlist.csv,3415.T,
2026-04-29,4689.T,LINEヤフー,大型・通信・低位株,9,強い買い候補,417.2999877929688,低単価,54.57158647221582,0.8062091536701509,-0.8572560661797359,-3.358036222769001,9.041017633210767,,watchlist.csv,4689.T,
2026-04-29,3963.T,シンクロ・フード,低位株・東証プライム,3,様子見,422.0,低単価,37.831232463851954,0.2951763858891288,1.146821815455871,-6.013363028953234,0.9569377990430672,,watchlist.csv,3963.T,
2026-04-29,7267.T,本田技研工業,自動車メーカー,9,強い買い候補,1293.5,買いやすい,43.54076555676916,0.9805468345170238,8.167486494741013,-3.6140089418778,2.8628230616302157,,watchlist.csv,7267.T,
2026-04-29,7269.T,スズキ,自動車メーカー,2,弱い / 見送り,1800.0,買いやすい,39.97988642377032,0.7982920455301565,2.47096813935724,-3.6660422799036696,-4.025593175153297,,watchlist.csv,7269.T,
2026-04-29,7270.T,SUBARU,自動車メーカー,3,様子見,2438.5,買いやすい,35.53985051064784,1.2313115734474835,2.075305602051074,-5.135187706671851,-1.8119589289309457,,watchlist.csv,7270.T,
2026-04-29,7261.T,マツダ,自動車メーカー,4,様子見,1038.5,買いやすい,41.72346425162262,0.9366773194235268,0.7535127619329387,-4.020332717190389,-0.0481231953801786,,watchlist.csv,7261.T,
2026-04-29,7202.T,いすゞ自動車,自動車メーカー,3,様子見,2271.0,買いやすい,42.324100640295605,1.111427782980244,-0.820801692428752,-4.055766793409377,2.2512381809995485,,watchlist.csv,7202.T,
2026-04-29,7012.T,川崎重工業,輸送機器,10,強い買い候補,3243.0,1万円以内,52.46633750136566,0.9753531002305325,-4.931027564696346,3.3460803059273347,11.94338971349671,,watchlist.csv,7012.T,
2026-04-29,SMBCG001,エス・ビー・日本株オープン２２５,国内株式インデックス・インデックス,12,強い買い候補,62650.0,プロキシ,63.618615187039225,0.7498709533536946,278.1042024583319,0.9344288706299332,17.146596858638752,,watchlist_smbc_nisa_growth_funds.csv,1321.T,日経225連動ETF
2026-04-29,SMBCG002,三井住友・２２５オープン,国内株式インデックス・インデックス,12,強い買い候補,62650.0,プロキシ,63.618615187039225,0.7498709533536946,278.1042024583319,0.9344288706299332,17.146596858638752,,watchlist_smbc_nisa_growth_funds.csv,1321.T,日経225連動ETF
2026-04-29,SMBCG003,日本好配当株オープン,国内株式・アクティブ,5,様子見,400.0,プロキシ,10.88334513913692,1.1573525257770392,122.79374573193024,0.1251564455569509,7.700594123188642,,watchlist_smbc_nisa_growth_funds.csv,1306.T,TOPIX連動ETF
2026-04-29,SMBCG004,三井住友・日本株オープン,国内株式・アクティブ,5,様子見,400.0,プロキシ,10.88334513913692,1.1573525257770392,122.79374573193024,0.1251564455569509,7.700594123188642,,watchlist_smbc_nisa_growth_funds.csv,1306.T,TOPIX連動ETF
2026-04-29,SMBCG005,三井住友ＤＳ・ジャパン・ハイ・コンビクション・ストラテジー,国内株式・アクティブ,5,様子見,400.0,プロキシ,10.88334513913692,1.1573525257770392,122.79374573193024,0.1251564455569509,7.700594123188642,,watchlist_smbc_nisa_growth_funds.csv,1306.T,TOPIX連動ETF
2026-04-29,SMBCG006,三井住友ＤＳ日本バリュー株ファンド,国内株式・アクティブ,5,様子見,400.0,プロキシ,10.88334513913692,1.1573525257770392,122.79374573193024,0.1251564455569509,7.700594123188642,,watchlist_smbc_nisa_growth_funds.csv,1306.T,TOPIX連動ETF
2026-04-29,SMBCG007,Ｊ－ＲＥＩＴオープン（資産成長型）,国内株式・アクティブ,1,弱い / 見送り,2044.5,プロキシ,39.71168550422763,0.9903958577560328,-1.0668768018139012,-1.635795044503252,1.9700748129675816,,watchlist_smbc_nisa_growth_funds.csv,1343.T,東証REIT指数連動ETF
2026-04-29,SMBCG008,Ｊ－ＲＥＩＴオープン（年４回決算型）,国内株式・アクティブ,1,弱い / 見送り,2044.5,プロキシ,39.71168550422763,0.9903958577560328,-1.0668768018139012,-1.635795044503252,1.9700748129675816,,watchlist_smbc_nisa_growth_funds.csv,1343.T,東証REIT指数連動ETF
2026-04-29,SMBCG009,フィデリティ・日本成長株・ファンド,国内株式・アクティブ,5,様子見,400.0,プロキシ,10.88334513913692,1.1573525257770392,122.79374573193024,0.1251564455569509,7.700594123188642,,watchlist_smbc_nisa_growth_funds.csv,1306.T,TOPIX連動ETF
2026-04-29,SMBCG010,三井住友・ＮＹダウ・ジョーンズ指数オープン（為替ヘッジあり）,海外株式インデックス・インデックス・ヘッジあり,9,強い買い候補,488.2550048828125,プロキシ,56.9743624576188,0.3079896338195296,0.5632165845993695,-1.314779843644598,5.41138675474262,,watchlist_smbc_nisa_growth_funds.csv,DIA,SPDR Dow Jones Industrial Average ETF
2026-04-29,SMBCG011,三井住友・ＮＹダウ・ジョーンズ指数オープン（為替ヘッジなし）,海外株式インデックス・インデックス,9,強い買い候補,488.2550048828125,プロキシ,56.9743624576188,0.307903642111399,0.5632165845993695,-1.314779843644598,5.41138675474262,,watchlist_smbc_nisa_growth_funds.csv,DIA,SPDR Dow Jones Industrial Average ETF
2026-04-29,SMBCG012,アライアンス・バーンスタイン・米国成長株投信　Ａコース（為替ヘッジあり）,海外株式・アクティブ・ヘッジあり,9,強い買い候補,82.5199966430664,プロキシ,64.98415839795764,0.2045991081577336,0.3304659144224509,-0.6022645389275105,13.354240589036293,,watchlist_smbc_nisa_growth_funds.csv,VUG,Vanguard Growth ETF
2026-04-29,SMBCG013,アライアンス・バーンスタイン・米国成長株投信　Ｂコース（為替ヘッジなし）,海外株式・アクティブ,9,強い買い候補,82.5199966430664,プロキシ,64.98415839795764,0.2045991081577336,0.3304659144224509,-0.6022645389275105,13.354240589036293,,watchlist_smbc_nisa_growth_funds.csv,VUG,Vanguard Growth ETF
2026-04-29,SMBCG014,モビリティ・イノベーション・ファンド,海外株式・アクティブ,9,強い買い候補,37.369998931884766,プロキシ,56.942852426373605,0.5002456413497334,0.2057024522415038,0.0,12.492467064074964,,watchlist_smbc_nisa_growth_funds.csv,BOTZ,Global X Robotics & Artificial Intelligence ETF
2026-04-29,SMBCG015,ＪＰＭアジア株・アクティブ・オープン,海外株式・アクティブ,11,強い買い候補,107.6999969482422,プロキシ,60.62512225748377,0.1426082257955639,0.2946579409589858,-0.6640852544391174,11.84961670394471,,watchlist_smbc_nisa_growth_funds.csv,AAXJ,iShares MSCI All Country Asia ex Japan ETF
2026-04-29,SMBCG016,ＪＰモルガン・アメリカ成長株ファンド（為替ヘッジあり、年１回決算型）,海外株式・アクティブ・ヘッジあり,9,強い買い候補,82.5199966430664,プロキシ,64.98415839795764,0.2045991081577336,0.3304659144224509,-0.6022645389275105,13.354240589036293,,watchlist_smbc_nisa_growth_funds.csv,VUG,Vanguard Growth ETF
2026-04-29,SMBCG017,ＪＰモルガン・アメリカ成長株ファンド（為替ヘッジなし、年１回決算型）,海外株式・アクティブ,9,強い買い候補,82.5199966430664,プロキシ,64.98415839795764,0.2045991081577336,0.3304659144224509,-0.6022645389275105,13.354240589036293,,watchlist_smbc_nisa_growth_funds.csv,VUG,Vanguard Growth ETF
2026-04-29,SMBCG018,アジア好利回りリート・ファンド（年１回決算型）,海外株式・アクティブ,11,強い買い候補,107.6999969482422,プロキシ,60.62512225748377,0.1426082257955639,0.2946579409589858,-0.6640852544391174,11.84961670394471,,watchlist_smbc_nisa_growth_funds.csv,AAXJ,iShares MSCI All Country Asia ex Japan ETF
2026-04-29,SMBCG019,グローバルＡＩファンド,海外株式・アクティブ,11,強い買い候補,54.78499984741211,プロキシ,64.67537526161424,0.3764538607909266,0.2882322525779193,-0.3365496983495419,17.388047989825296,,watchlist_smbc_nisa_growth_funds.csv,AIQ,Global X Artificial Intelligence & Technology ETF
2026-04-29,SMBCG020,グローバルＡＩファンド（為替ヘッジあり）,海外株式・アクティブ・ヘッジあり,11,強い買い候補,54.78499984741211,プロキシ,64.67537526161424,0.3764538607909266,0.2882322525779193,-0.3365496983495419,17.388047989825296,,watchlist_smbc_nisa_growth_funds.csv,AIQ,Global X Artificial Intelligence & Technology ETF
2026-04-29,SMBCG021,グローバル好配当株オープン（年１回決算型）,海外株式・アクティブ,9,強い買い候補,225.2700042724609,プロキシ,57.41748422967966,0.3887550754782861,0.170874535066666,-0.797074838822831,4.747515497895161,,watchlist_smbc_nisa_growth_funds.csv,VIG,Vanguard Dividend Appreciation ETF
2026-04-29,SMBCG022,世界インパクト投資ファンド,海外株式・アクティブ,11,強い買い候補,148.97500610351562,プロキシ,59.51971619818939,0.2997229522990272,0.1615743384132093,-0.7495003026343316,7.703150820634219,,watchlist_smbc_nisa_growth_funds.csv,VT,Vanguard Total World Stock ETF
2026-04-29,SMBCG023,世界インパクト投資ファンド（資産成長型）,海外株式・アクティブ,11,強い買い候補,148.97500610351562,プロキシ,59.51971619818939,0.2997229522990272,0.1615743384132093,-0.7495003026343316,7.703150820634219,,watchlist_smbc_nisa_growth_funds.csv,VT,Vanguard Total World Stock ETF
2026-04-29,SMBCG024,ドナルド・スミス　グローバル・ディープバリュー戦略株式ファンド,海外株式・アクティブ,10,強い買い候補,203.38499450683597,プロキシ,57.710220941798376,0.276437554953086,0.1306537681138913,0.2538568551504916,3.662078323318818,,watchlist_smbc_nisa_growth_funds.csv,VTV,Vanguard Value ETF
2026-04-29,SMBCG025,フューチャー・バイオテック,海外株式・アクティブ,2,弱い / 見送り,165.82000732421875,プロキシ,40.01507424704896,0.4623467431935587,-0.8685094285296426,-4.897908497498483,-1.7944913649806438,,watchlist_smbc_nisa_growth_funds.csv,IBB,iShares Biotechnology ETF
2026-04-29,SMBCG026,ブランディワイン・グローバルバリュー株式ファンド,海外株式・アクティブ,10,強い買い候補,203.38999938964844,プロキシ,57.73419810228475,0.2764747396865476,0.1309731680426673,0.2563238946008628,3.6646292320294815,,watchlist_smbc_nisa_growth_funds.csv,VTV,Vanguard Value ETF
2026-04-29,SMBCG027,三井住友・ニュー・チャイナ・ファンド,海外株式・アクティブ,5,様子見,56.93000030517578,プロキシ,45.684828870486974,0.2151826763847645,-0.0667765411228387,-2.349912435357071,1.334994652769517,,watchlist_smbc_nisa_growth_funds.csv,MCHI,iShares MSCI China ETF
2026-04-29,SMBCG028,三井住友・米国ハイクオリティ株式ファンド（為替ヘッジあり）,海外株式・アクティブ・ヘッジあり,9,強い買い候補,82.5199966430664,プロキシ,64.98415839795764,0.2045991081577336,0.3304659144224509,-0.6022645389275105,13.354240589036293,,watchlist_smbc_nisa_growth_funds.csv,VUG,Vanguard Growth ETF
2026-04-29,SMBCG029,三井住友・米国ハイクオリティ株式ファンド（為替ヘッジなし）,海外株式・アクティブ,7,買い候補,82.52999877929688,プロキシ,65.04153101010417,0.204629933377999,0.3311042273898699,-0.590216674997246,13.367980101915531,,watchlist_smbc_nisa_growth_funds.csv,VUG,Vanguard Growth ETF
2026-04-29,SMBCG030,ＵＳテクノロジー・イノベーターズ・ファンド,海外株式・アクティブ,10,強い買い候補,659.9949951171875,プロキシ,70.10300241893401,0.2922309811338371,3.074441853274175,0.745677805995193,14.34821086875855,,watchlist_smbc_nisa_growth_funds.csv,QQQ,Invesco QQQ Trust
2026-04-29,SMBCG031,日興レジェンド・イーグル・ファンド（円ヘッジコース）,海外株式・アクティブ・ヘッジあり,11,強い買い候補,148.97500610351562,プロキシ,59.51971619818939,0.2997860180466021,0.1615743384132093,-0.7495003026343316,7.703150820634219,,watchlist_smbc_nisa_growth_funds.csv,VT,Vanguard Total World Stock ETF
2026-04-29,SMBCG032,日興レジェンド・イーグル・ファンド（資産成長コース）,海外株式・アクティブ,11,強い買い候補,148.97500610351562,プロキシ,59.51971619818939,0.2997860180466021,0.1615743384132093,-0.7495003026343316,7.703150820634219,,watchlist_smbc_nisa_growth_funds.csv,VT,Vanguard Total World Stock ETF
2026-04-29,SMBCG033,イーストスプリング・インド株式オープン,海外株式・アクティブ,9,強い買い候補,49.09000015258789,プロキシ,48.83276313629518,0.2213915460055932,0.0033966885181001,-1.7807110800317827,4.803586662404591,,watchlist_smbc_nisa_growth_funds.csv,INDA,iShares MSCI India ETF
2026-04-29,SMBCG034,インベスコ　世界厳選株式オープン＜為替ヘッジあり＞（年１回決算型）,海外株式・アクティブ・ヘッジあり,11,強い買い候補,148.97500610351562,プロキシ,59.51971619818939,0.2997860180466021,0.1615743384132093,-0.7495003026343316,7.703150820634219,,watchlist_smbc_nisa_growth_funds.csv,VT,Vanguard Total World Stock ETF
2026-04-29,SMBCG035,インベスコ　世界厳選株式オープン＜為替ヘッジなし＞（年１回決算型）,海外株式・アクティブ,11,強い買い候補,148.97500610351562,プロキシ,59.51971619818939,0.2997229522990272,0.1615743384132093,-0.7495003026343316,7.703150820634219,,watchlist_smbc_nisa_growth_funds.csv,VT,Vanguard Total World Stock ETF
2026-04-29,SMBCG036,ＧＳ　グローバル・ビッグデータ投資戦略　Ａコース（為替ヘッジあり）,海外株式・アクティブ・ヘッジあり,11,強い買い候補,54.78499984741211,プロキシ,64.67537526161424,0.3764538607909266,0.2882322525779193,-0.3365496983495419,17.388047989825296,,watchlist_smbc_nisa_growth_funds.csv,AIQ,Global X Artificial Intelligence & Technology ETF
2026-04-29,SMBCG037,ＧＳ　グローバル・ビッグデータ投資戦略　Ｂコース（為替ヘッジなし）,海外株式・アクティブ,11,強い買い候補,54.78499984741211,プロキシ,64.67537526161424,0.3764538607909266,0.2882322525779193,-0.3365496983495419,17.388047989825296,,watchlist_smbc_nisa_growth_funds.csv,AIQ,Global X Artificial Intelligence & Technology ETF
2026-04-29,SMBCG038,ＧＳグローバル・リアルアセット・ファンド（為替ヘッジなし）,海外株式・アクティブ,11,強い買い候補,48.4900016784668,プロキシ,53.18180257698186,0.1380221090971053,0.0068713184539133,-0.0824172714530169,5.942759872185555,,watchlist_smbc_nisa_growth_funds.csv,RWO,SPDR Dow Jones Global Real Estate ETF
2026-04-29,SMBCG039,ＧＳグローバル・リアルアセット・ファンド（限定為替ヘッジ）,海外株式・アクティブ・ヘッジあり,11,強い買い候補,48.4900016784668,プロキシ,53.18180257698186,0.1380221090971053,0.0068713184539133,-0.0824172714530169,5.942759872185555,,watchlist_smbc_nisa_growth_funds.csv,RWO,SPDR Dow Jones Global Real Estate ETF
2026-04-29,SMBCG040,ｎｅｔＷＩＮ　ＧＳテクノロジー株式ファンド　Ａコース（為替ヘッジあり）,海外株式・アクティブ・ヘッジあり,10,強い買い候補,659.989990234375,プロキシ,70.10119645192536,0.29224078622389,3.07412245334549,0.7449138300332336,14.34734374188722,,watchlist_smbc_nisa_growth_funds.csv,QQQ,Invesco QQQ Trust
2026-04-29,SMBCG041,ｎｅｔＷＩＮ　ＧＳテクノロジー株式ファンド　Ｂコース（為替ヘッジなし）,海外株式・アクティブ,10,強い買い候補,659.989990234375,プロキシ,70.10119645192536,0.29224078622389,3.07412245334549,0.7449138300332336,14.34734374188722,,watchlist_smbc_nisa_growth_funds.csv,QQQ,Invesco QQQ Trust
2026-04-29,SMBCG042,グローバル・フィンテック株式ファンド,海外株式・アクティブ,9,強い買い候補,24.771299362182617,プロキシ,48.65200069899557,0.2305610377454292,0.0069425194151636,-6.874815763390108,7.235060403087989,,watchlist_smbc_nisa_growth_funds.csv,FINX,Global X FinTech ETF
2026-04-29,SMBCG043,グローバル・フィンテック株式ファンド（為替ヘッジあり）,海外株式・アクティブ・ヘッジあり,9,強い買い候補,24.771299362182617,プロキシ,48.65200069899557,0.2305610377454292,0.0069425194151636,-6.874815763390108,7.235060403087989,,watchlist_smbc_nisa_growth_funds.csv,FINX,Global X FinTech ETF
2026-04-29,SMBCG044,グローバル・フィンテック株式ファンド（為替ヘッジあり・年２回決算型）,海外株式・アクティブ・ヘッジあり,9,強い買い候補,24.771299362182617,プロキシ,48.65200069899557,0.2305610377454292,0.0069425194151636,-6.874815763390108,7.235060403087989,,watchlist_smbc_nisa_growth_funds.csv,FINX,Global X FinTech ETF
2026-04-29,SMBCG045,グローバル・フィンテック株式ファンド（年２回決算型）,海外株式・アクティブ,9,強い買い候補,24.771299362182617,プロキシ,48.65200069899557,0.2305610377454292,0.0069425194151636,-6.874815763390108,7.235060403087989,,watchlist_smbc_nisa_growth_funds.csv,FINX,Global X FinTech ETF
2026-04-29,SMBCG046,グローバル・ロボティクス株式ファンド（１年決算型）,海外株式・アクティブ,9,強い買い候補,37.369998931884766,プロキシ,56.942852426373605,0.5002456413497334,0.2057024522415038,0.0,12.492467064074964,,watchlist_smbc_nisa_growth_funds.csv,BOTZ,Global X Robotics & Artificial Intelligence ETF
2026-04-29,SMBCG047,グローバル・ロボティクス株式ファンド（為替ヘッジあり・１年決算型）,海外株式・アクティブ・ヘッジあり,9,強い買い候補,37.369998931884766,プロキシ,56.942852426373605,0.5002456413497334,0.2057024522415038,0.0,12.492467064074964,,watchlist_smbc_nisa_growth_funds.csv,BOTZ,Global X Robotics & Artificial Intelligence ETF
2026-04-29,SMBCG048,グローバル・ロボティクス株式ファンド（為替ヘッジあり・年２回決算型）,海外株式・アクティブ・ヘッジあり,9,強い買い候補,37.369998931884766,プロキシ,56.942852426373605,0.5002456413497334,0.2057024522415038,0.0,12.492467064074964,,watchlist_smbc_nisa_growth_funds.csv,BOTZ,Global X Robotics & Artificial Intelligence ETF
2026-04-29,SMBCG049,グローバル・ロボティクス株式ファンド（年２回決算型）,海外株式・アクティブ,9,強い買い候補,37.369998931884766,プロキシ,56.942852426373605,0.5002456413497334,0.2057024522415038,0.0,12.492467064074964,,watchlist_smbc_nisa_growth_funds.csv,BOTZ,Global X Robotics & Artificial Intelligence ETF
2026-04-29,SMBCG050,新シルクロード経済圏ファンド,海外株式・アクティブ,5,様子見,56.93000030517578,プロキシ,45.684828870486974,0.215186824789173,-0.0667765411228387,-2.349912435357071,1.334994652769517,,watchlist_smbc_nisa_growth_funds.csv,MCHI,iShares MSCI China ETF
2026-04-29,SMBCG051,デジタル・トランスフォーメーション株式ファンド,海外株式・アクティブ,11,強い買い候補,54.78499984741211,プロキシ,64.67537526161424,0.3764538607909266,0.2882322525779193,-0.3365496983495419,17.388047989825296,,watchlist_smbc_nisa_growth_funds.csv,AIQ,Global X Artificial Intelligence & Technology ETF
2026-04-29,SMBCG052,グローバルＲＥＩＴオープン（資産成長型）,海外株式・アクティブ,12,強い買い候補,95.01499938964844,プロキシ,57.44834757779336,0.4023203298852393,0.0985233712052868,0.5237016125289262,7.119506943265352,,watchlist_smbc_nisa_growth_funds.csv,VNQ,Vanguard Real Estate ETF
2026-04-29,SMBCG053,フィデリティ・欧州株・ファンド,海外株式・アクティブ,7,買い候補,85.43499755859375,プロキシ,47.448097598116405,0.2981503493756171,-0.1956480539324201,-1.956623643558608,3.645514063196331,,watchlist_smbc_nisa_growth_funds.csv,VGK,Vanguard FTSE Europe ETF
2026-04-29,SMBCG054,フィデリティ・グローバル・ファンド,海外株式・アクティブ,11,強い買い候補,148.97500610351562,プロキシ,59.51971619818939,0.2999808886551279,0.1615743384132093,-0.7495003026343316,7.703150820634219,,watchlist_smbc_nisa_growth_funds.csv,VT,Vanguard Total World Stock ETF
2026-04-29,SMBCG055,フィデリティ・米国優良株・ファンド,海外株式・アクティブ,7,買い候補,82.52999877929688,プロキシ,65.04153101010417,0.2046300514821066,0.3311042273898699,-0.590216674997246,13.367980101915531,,watchlist_smbc_nisa_growth_funds.csv,VUG,Vanguard Growth ETF
2026-04-29,SMBCG056,フィデリティ・世界割安成長株投信　Ａコース（為替ヘッジあり）,海外株式・アクティブ・ヘッジあり,10,強い買い候補,203.38999938964844,プロキシ,57.73419810228475,0.2764747396865476,0.1309731680426673,0.2563238946008628,3.6646292320294815,,watchlist_smbc_nisa_growth_funds.csv,VTV,Vanguard Value ETF
2026-04-29,SMBCG057,フィデリティ・世界割安成長株投信　Ｂコース（為替ヘッジなし）,海外株式・アクティブ,10,強い買い候補,203.38999938964844,プロキシ,57.73419810228475,0.2764747396865476,0.1309731680426673,0.2563238946008628,3.6646292320294815,,watchlist_smbc_nisa_growth_funds.csv,VTV,Vanguard Value ETF
2026-04-29,SMBCG058,ベイリー・ギフォード世界長期成長株ファンド,海外株式・アクティブ,11,強い買い候補,148.97500610351562,プロキシ,59.51971619818939,0.2997229522990272,0.1615743384132093,-0.7495003026343316,7.703150820634219,,watchlist_smbc_nisa_growth_funds.csv,VT,Vanguard Total World Stock ETF
2026-04-29,SMBCG059,マニュライフ・円ハイブリッド債券インカム・ファンド（３ヵ月決算型）,国内債券・アクティブ,9,強い買い候補,225.27999877929688,プロキシ,57.45541020418597,0.3892443850186294,0.1715123611439524,-0.7926735235351146,4.752162808854621,,watchlist_smbc_nisa_growth_funds.csv,VIG,Vanguard Dividend Appreciation ETF
2026-04-29,SMBCG060,マニュライフ・円ハイブリッド債券インカム・ファンド（年１回決算型）,国内債券・アクティブ,9,強い買い候補,225.27999877929688,プロキシ,57.45541020418597,0.3892443850186294,0.1715123611439524,-0.7926735235351146,4.752162808854621,,watchlist_smbc_nisa_growth_funds.csv,VIG,Vanguard Dividend Appreciation ETF
2026-04-29,SMBCG061,コーポレート・ボンド・インカム（為替ノーヘッジ型／１年決算型）,海外債券・アクティブ,4,様子見,108.83999633789062,プロキシ,43.06608653985853,0.3146709630398162,-0.0411414801563595,-0.8923723908731529,-0.1376287079722704,,watchlist_smbc_nisa_growth_funds.csv,LQD,iShares iBoxx Investment Grade Corporate Bond ETF
2026-04-29,SMBCG062,コーポレート・ボンド・インカム（為替ヘッジ型／１年決算型）,海外債券・アクティブ・ヘッジあり,4,様子見,108.83999633789062,プロキシ,43.06608653985853,0.3146709630398162,-0.0411414801563595,-0.8923723908731529,-0.1376287079722704,,watchlist_smbc_nisa_growth_funds.csv,LQD,iShares iBoxx Investment Grade Corporate Bond ETF
2026-04-29,SMBCG063,日系企業海外債券オープン（為替ヘッジあり）,海外債券・アクティブ・ヘッジあり,4,様子見,108.83999633789062,プロキシ,43.06608653985853,0.3146709630398162,-0.0411414801563595,-0.8923723908731529,-0.1376287079722704,,watchlist_smbc_nisa_growth_funds.csv,LQD,iShares iBoxx Investment Grade Corporate Bond ETF
2026-04-29,SMBCG064,日系企業海外債券オープン（為替ヘッジなし）,海外債券・アクティブ,4,様子見,108.83999633789062,プロキシ,43.06608653985853,0.3146709630398162,-0.0411414801563595,-0.8923723908731529,-0.1376287079722704,,watchlist_smbc_nisa_growth_funds.csv,LQD,iShares iBoxx Investment Grade Corporate Bond ETF
2026-04-29,SMBCG065,ＧＳグローバル・パーシャルヘッジ社債ファンド,海外債券・アクティブ・ヘッジあり,4,様子見,108.83999633789062,プロキシ,43.06608653985853,0.3146709630398162,-0.0411414801563595,-0.8923723908731529,-0.1376287079722704,,watchlist_smbc_nisa_growth_funds.csv,LQD,iShares iBoxx Investment Grade Corporate Bond ETF
2026-04-29,SMBCG066,ニッセイ／パトナム・インカムオープン,海外債券・アクティブ,4,様子見,108.83999633789062,プロキシ,43.06608653985853,0.3146709630398162,-0.0411414801563595,-0.8923723908731529,-0.1376287079722704,,watchlist_smbc_nisa_growth_funds.csv,LQD,iShares iBoxx Investment Grade Corporate Bond ETF
2026-04-29,SMBCG067,フィデリティ・ＵＳハイ・イールド・ファンド（資産成長型）Ｄ（為替ヘッジなし）,海外債券・アクティブ,9,強い買い候補,80.22000122070312,プロキシ,50.97533228283076,0.3987669840029775,0.003756778561575,-0.3478245705551219,0.8295672226778184,,watchlist_smbc_nisa_growth_funds.csv,HYG,iShares iBoxx High Yield Corporate Bond ETF
2026-04-29,SMBCG068,ＳＭＢＣ円資産ファンド,バランス・バランス,9,強い買い候補,67.05989837646484,プロキシ,57.02053213595878,0.3438479637641442,0.045947255446439,-0.5783522452590839,4.211188759287321,,watchlist_smbc_nisa_growth_funds.csv,AOR,iShares Core Growth Allocation ETF
2026-04-29,SMBCG069,タフ・アメリカ（為替ヘッジあり　資産成長型）,バランス・バランス・ヘッジあり,9,強い買い候補,82.5199966430664,プロキシ,64.98415839795764,0.2046576878045344,0.3304659144224509,-0.6022645389275105,13.354240589036293,,watchlist_smbc_nisa_growth_funds.csv,VUG,Vanguard Growth ETF
2026-04-29,SMBCG070,タフ・アメリカ（為替ヘッジなし　資産成長型）,バランス・バランス,9,強い買い候補,82.5199966430664,プロキシ,64.98415839795764,0.2046576878045344,0.3304659144224509,-0.6022645389275105,13.354240589036293,,watchlist_smbc_nisa_growth_funds.csv,VUG,Vanguard Growth ETF
2026-04-29,SMBCG071,ライフ・ジャーニー（かしこく育てるコース）,バランス・バランス,9,強い買い候補,67.05989837646484,プロキシ,57.02053213595878,0.3438479637641442,0.045947255446439,-0.5783522452590839,4.211188759287321,,watchlist_smbc_nisa_growth_funds.csv,AOR,iShares Core Growth Allocation ETF
2026-04-29,SMBCG072,ライフ・ジャーニー（かしこく使うコース）,バランス・バランス,9,強い買い候補,48.560001373291016,プロキシ,54.12154030691453,0.2780875269574172,0.0214481902925572,-0.6343310116004419,2.5121436948255083,,watchlist_smbc_nisa_growth_funds.csv,AOM,iShares Core Moderate Allocation ETF
2026-04-29,SMBCG073,ライフ・ジャーニー（充実して楽しむコース）,バランス・バランス,9,強い買い候補,48.560001373291016,プロキシ,54.12154030691453,0.2780875269574172,0.0214481902925572,-0.6343310116004419,2.5121436948255083,,watchlist_smbc_nisa_growth_funds.csv,AOM,iShares Core Moderate Allocation ETF
2026-04-29,SMBCG074,三井住友ＤＳ・ＦＯＬＩＯ・ＡＩマルチアセットファンド,バランス・バランス,11,強い買い候補,54.81499862670898,プロキシ,64.77447218006024,0.376535562043271,0.2901467045900268,-0.2819766973841009,17.452326499518556,,watchlist_smbc_nisa_growth_funds.csv,AIQ,Global X Artificial Intelligence & Technology ETF
2026-04-29,SMBCG075,ピクテ・ゴールド（為替ヘッジあり）,その他・その他・ヘッジあり,0,弱い / 見送り,419.0199890136719,プロキシ,39.60274266607836,0.4079144241954528,-1.120331054156325,-3.7311079326350023,-2.6191683068265803,,watchlist_smbc_nisa_growth_funds.csv,GLD,SPDR Gold Shares
2026-04-29,SMBCG076,ピクテ・ゴールド（為替ヘッジなし）,その他・その他,0,弱い / 見送り,419.0199890136719,プロキシ,39.60274266607836,0.4079145575465552,-1.120331054156325,-3.7311079326350023,-2.6191683068265803,,watchlist_smbc_nisa_growth_funds.csv,GLD,SPDR Gold Shares
2026-04-29,SMBCG077,三井住友・ワールド・パッケージ・オープン,バランス・バランス,9,強い買い候補,67.05989837646484,プロキシ,57.02053213595878,0.3438479637641442,0.045947255446439,-0.5783522452590839,4.211188759287321,,watchlist_smbc_nisa_growth_funds.csv,AOR,iShares Core Growth Allocation ETF
2026-04-30,7203.T,トヨタ自動車,大型・製造,2,弱い / 見送り,3023.0,1万円以内,33.1509514771234,1.6845919948534862,-23.53469038564907,-5.264807270448135,-8.698278465720321,,watchlist.csv,7203.T,
2026-04-30,6758.T,ソニーグループ,大型・テック,2,弱い / 見送り,3113.0,1万円以内,35.38683483944449,1.8600146322361888,-17.549115007633034,-6.8800478612025096,-7.680901542111506,,watchlist.csv,6758.T,
2026-04-30,7974.T,任天堂,大型・ゲーム,2,弱い / 見送り,7687.0,1万円以内,28.98240952536314,1.3854049389348315,-49.42659752894431,-8.62950196125044,-14.636313159355918,,watchlist.csv,7974.T,
2026-04-30,8058.T,三菱商事,大型・商社,7,買い候補,4990.0,1万円以内,46.609043635396354,1.6847431982126728,-25.80931003368329,5.141171512852938,-9.107468123861562,,watchlist.csv,8058.T,
2026-04-30,8306.T,三菱UFJフィナンシャル・グループ,大型・金融,6,買い候補,2817.0,買いやすい,51.030110943690296,1.1049356950564613,-5.5226343392810975,0.8231925554760267,0.3205128205128194,,watchlist.csv,8306.T,
2026-04-30,9984.T,ソフトバンクグループ,大型・AI関連,12,強い買い候補,5219.0,1万円以内,61.08851897111513,1.3545505010671894,98.59812505689047,-7.135231316725976,38.65568544102018,,watchlist.csv,9984.T,
2026-04-30,4661.T,オリエンタルランド,旅行・レジャー,3,様子見,2188.5,買いやすい,21.97127350398729,4.314423778609463,-34.064863601990524,-15.420289855072467,-20.06939371804237,,watchlist.csv,4661.T,
2026-04-30,9603.T,エイチ・アイ・エス,旅行・旅行代理店,0,弱い / 見送り,1045.0,買いやすい,39.19500778617338,1.1444157118858416,-0.23762912785149837,-0.6653992395437291,-1.8779342723004744,,watchlist.csv,9603.T,
2026-04-30,9722.T,藤田観光,旅行・ホテル,2,弱い / 見送り,2041.0,買いやすい,37.96064759173044,1.56062874251497,-18.19680484254969,-8.063063063063058,-2.7632205812291533,,watchlist.csv,9722.T,
2026-04-30,9616.T,共立メンテナンス,旅行・ホテル,1,弱い / 見送り,2366.0,買いやすい,35.560463336921075,1.240014468674706,-16.126385433280152,-5.284227381905526,-5.624252094136417,,watchlist.csv,9616.T,
2026-04-30,9708.T,帝国ホテル,旅行・ホテル,3,様子見,1203.0,買いやすい,23.476893900183157,0.7829473252715721,-30.445655498482452,-7.957153787299154,-23.86075949367089,,watchlist.csv,9708.T,
2026-04-30,4681.T,リゾートトラスト,旅行・ホテル,0,弱い / 見送り,1747.0,買いやすい,39.30806013084276,1.1102719033232629,-5.225564975803657,-1.549732318963093,-3.0521642619311895,,watchlist.csv,4681.T,
2026-04-30,5261.T,リソルホールディングス,旅行・リゾート,5,様子見,7090.0,1万円以内,36.40224078354367,2.3644578313253013,3.7376395342392357,-3.2742155525238736,0.7102272727272707,,watchlist.csv,5261.T,
2026-04-30,9723.T,京都ホテル,旅行・ホテル,2,弱い / 見送り,635.0,低単価,36.193401868085104,1.064638783269962,-1.8688994435284272,-2.3076923076923106,-2.3076923076923106,,watchlist.csv,9723.T,
2026-04-30,9656.T,グリーンランドリゾート,旅行・レジャー,12,強い買い候補,617.0,低単価,59.716982238895646,1.2576687116564418,0.1350614234965577,-0.16181229773463146,1.1475409836065653,,watchlist.csv,9656.T,
2026-04-30,4691.T,ワシントンホテル,旅行・ホテル,11,強い買い候補,2030.0,買いやすい,62.345703207816264,0.5232658496288807,2.39121022329968,-6.408483171968649,47.42193173565723,,watchlist.csv,4691.T,
2026-04-30,6565.T,ABホテル,旅行・ホテル,0,弱い / 見送り,1388.0,買いやすい,37.662634838600745,1.1516533637400228,-1.8951371745228158,-3.944636678200697,-1.4204545454545414,,watchlist.csv,6565.T,
2026-04-30,3010.T,ポラリス・ホールディングス,旅行・ホテル,2,弱い / 見送り,176.0,低単価,43.518474680143875,0.8661522441459963,-0.17780732827669832,-0.5649717514124242,-2.2222222222222254,,watchlist.csv,3010.T,
2026-04-30,9020.T,東日本旅客鉄道,旅行・鉄道,2,弱い / 見送り,3388.0,1万円以内,33.61861500905273,2.5935555548251163,-7.718564804779355,-3.804656445201593,-8.034744842562436,,watchlist.csv,9020.T,
2026-04-30,9021.T,西日本旅客鉄道,旅行・鉄道,3,様子見,2831.5,買いやすい,24.026588604708863,2.473920147471616,-16.33378665579577,-5.4433127400233765,-10.6500473335437,,watchlist.csv,9021.T,
2026-04-30,9022.T,東海旅客鉄道,旅行・鉄道,3,様子見,3744.0,1万円以内,29.853562553604263,2.8552304010967475,-28.655367875122913,-9.76138828633406,-10.687022900763354,,watchlist.csv,9022.T,
2026-04-30,9142.T,九州旅客鉄道,旅行・鉄道,1,弱い / 見送り,3588.0,1万円以内,31.037659753816754,1.4366808581684616,-7.062868692537158,-2.260964314900571,-4.6251993620414655,,watchlist.csv,9142.T,
2026-04-30,9201.T,日本航空,旅行・航空,2,弱い / 見送り,2454.0,買いやすい,37.2466355894056,2.102122731519865,-2.1070788821293363,-2.5416997617156434,-7.86559038858644,,watchlist.csv,9201.T,
2026-04-30,9202.T,ANAホールディングス,旅行・航空,3,様子見,2601.5,買いやすい,27.527401915231508,1.7386781564976532,-20.921906280397863,-7.813607370659104,-10.616732520185534,,watchlist.csv,9202.T,
2026-04-30,9005.T,東急,旅行・鉄道・ホテル,3,様子見,1664.5,買いやすい,23.43945456906367,1.9148956954531913,-19.62796253045248,-3.085880640465788,-12.02431289640592,,watchlist.csv,9005.T,
2026-04-30,9041.T,近鉄グループホールディングス,旅行・鉄道・ホテル,8,買い候補,3333.0,1万円以内,50.79176315809472,0.8984018033019922,-6.10512478406428,0.09009009009008917,0.938824954572981,,watchlist.csv,9041.T,
2026-04-30,9042.T,阪急阪神ホールディングス,旅行・鉄道・ホテル,5,様子見,4518.0,1万円以内,44.10741849230319,1.4886477770721578,-42.35635369279277,-0.1988071570576566,-2.080624187256175,,watchlist.csv,9042.T,
2026-04-30,9048.T,名古屋鉄道,旅行・鉄道,7,買い候補,1770.5,買いやすい,50.81944408049883,1.4235774633733158,-0.6150432111555193,2.1638776687824546,1.0847844704539034,,watchlist.csv,9048.T,
2026-04-30,9010.T,富士急行,旅行・レジャー,3,様子見,2260.0,買いやすい,37.74161570651237,1.328359249703647,-19.75358674742745,-1.95227765726681,-9.599999999999998,,watchlist.csv,9010.T,
2026-04-30,6191.T,エアトリ,旅行・オンライン旅行,3,様子見,684.0,低単価,40.72898653169182,1.3513513513513513,-1.9085376318098994,-1.4409221902017322,-2.840909090909094,,watchlist.csv,6191.T,
2026-04-30,7048.T,ベルトラ,旅行・体験予約,0,弱い / 見送り,160.0,低単価,37.60107219678911,0.5368192654898074,-1.6687574951101736,-7.514450867052025,-12.568306010928964,,watchlist.csv,7048.T,
2026-04-30,6030.T,アドベンチャー,旅行・オンライン旅行,2,弱い / 見送り,1557.0,買いやすい,33.92913551120323,3.056943056943057,-11.988103590466103,-8.24985268120212,-9.21282798833819,,watchlist.csv,6030.T,
2026-04-30,3926.T,オープンドア,旅行・比較サイト,4,様子見,307.0,低単価,43.81618373009116,0.5893034004621988,0.5178885120914485,-3.7617554858934144,-6.969696969696971,,watchlist.csv,3926.T,
2026-04-30,6548.T,旅工房,旅行・旅行代理店,2,弱い / 見送り,130.0,低単価,30.88017075338425,1.51618398637138,-1.5713386851366535,-9.722222222222221,-9.090909090909093,,watchlist.csv,6548.T,
2026-04-30,6031.T,サイジニア,低単価・ネット,2,弱い / 見送り,283.0,低単価,49.63571393175954,1.035751840168244,-0.8302129526927061,-1.0489510489510523,-4.067796610169494,,watchlist.csv,6031.T,
2026-04-30,3672.T,オルトプラス,低単価・ゲーム,0,弱い / 見送り,36.0,低単価,36.396001212228555,0.364762560220234,-0.2729406725785182,-7.692307692307687,-12.195121951219512,,watchlist.csv,3672.T,
2026-04-30,7777.T,スリー・ディー・マトリックス,低単価・バイオ,9,強い買い候補,516.0,低単価,49.39243647209868,0.40547272899451164,0.8328397195118056,-10.571923743500866,13.406593406593403,,watchlist.csv,7777.T,
2026-04-30,4597.T,ソレイジア・ファーマ,低単価・バイオ,5,様子見,33.0,低単価,45.76198213205982,0.7771973197950811,-0.4643877625567925,-10.81081081081081,3.125,,watchlist.csv,4597.T,
2026-04-30,6740.T,ジャパンディスプレイ,低単価・電子部品,11,強い買い候補,100.0,低単価,55.13940813227993,2.7697847137905542,-1.721538323071778,-2.9126213592232997,5.263157894736836,,watchlist.csv,6740.T,
2026-04-30,2315.T,CAICA DIGITAL,低単価・金融IT,0,弱い / 見送り,71.0,低単価,36.246060687044235,0.7642210635534876,-0.38976039389977957,-7.792207792207795,-11.250000000000004,,watchlist.csv,2315.T,
2026-04-30,AAPL,Apple,米国大型テック,11,強い買い候補,270.1700134277344,米国株/海外ETF,57.52922391694759,0.7316122951480055,0.6084178416188926,-1.0982171733844526,6.454163117114731,,watchlist.csv,AAPL,
2026-04-30,NVDA,NVIDIA,米国AI半導体,10,強い買い候補,209.25,米国株/海外ETF,65.4177503527365,0.8388934537954127,1.8039978849316052,3.3333333333333437,19.982802364202467,,watchlist.csv,NVDA,
2026-04-30,MSFT,Microsoft,米国大型テック,9,強い買い候補,424.4599914550781,米国株/海外ETF,61.74947622695229,1.141985936944476,3.1879772234761345,-1.9541766862825938,14.666227964989487,,watchlist.csv,MSFT,
2026-04-30,TSLA,Tesla,米国EV・成長株,9,強い買い候補,372.79998779296875,米国株/海外ETF,47.159243341111704,0.6617335476902031,1.1791004560027234,-3.7960366447187255,0.2824445979741075,,watchlist.csv,TSLA,
2026-04-30,3681.T,ブイキューブ,低位株・東証プライム,2,弱い / 見送り,47.0,低単価,32.015426691860554,0.5477546539797497,0.5030021655502246,-11.32075471698113,-32.85714285714286,,watchlist.csv,3681.T,
2026-04-30,3315.T,日本コークス工業,低位株・東証プライム,4,様子見,104.0,低単価,44.160441672696905,0.3056468155598922,0.11413983121635063,-0.952380952380949,-14.049586776859503,,watchlist.csv,3315.T,
2026-04-30,9424.T,日本通信,低位株・東証プライム,2,弱い / 見送り,125.0,低単価,42.798009350012876,0.7243167046932937,-0.18361753908630307,-2.34375,-4.580152671755721,,watchlist.csv,9424.T,
2026-04-30,4344.T,ソースネクスト,低位株・東証プライム,2,弱い / 見送り,125.0,低単価,46.90562366231893,0.8554821077133311,-0.02568801618378963,-2.34375,-1.5748031496062964,,watchlist.csv,4344.T,
2026-04-30,7238.T,曙ブレーキ工業,自動車関連・低位株,7,買い候補,126.0,低単価,48.886988595457126,0.9713768207452201,-0.03630550411054399,-0.7874015748031482,2.4390243902439046,,watchlist.csv,7238.T,
2026-04-30,2930.T,北の達人コーポレーション,低位株・東証プライム,9,強い買い候補,131.0,低単価,52.20272891985047,1.029289113476917,0.399262326011133,-3.676470588235292,4.800000000000004,,watchlist.csv,2930.T,
2026-04-30,8729.T,ソニーフィナンシャルグループ,低位株・東証プライム,2,弱い / 見送り,139.89999389648438,低単価,44.39195257901818,1.0932602156704312,-0.6056681211799413,-4.309167704010375,-4.700278618414389,,watchlist.csv,8729.T,
2026-04-30,9432.T,NTT,大型・通信・低位株,4,様子見,152.5,低単価,45.141675340957974,1.2529627289001974,-0.18641417586706277,0.660066006600668,-2.180881353171782,,watchlist.csv,9432.T,
2026-04-30,8798.T,アドバンスクリエイト,低位株・東証プライム,0,弱い / 見送り,178.0,低単価,36.606331873226864,0.5636043406624623,-0.5653409214358707,-3.7837837837837784,-6.806282722513091,,watchlist.csv,8798.T,
2026-04-30,2146.T,UTグループ,低位株・東証プライム,0,弱い / 見送り,184.0,低単価,37.076305682415565,1.1160002854220679,-0.6304185979849448,-1.0752688172043001,-7.537688442211055,,watchlist.csv,2146.T,
2026-04-30,2120.T,LIFULL,低位株・東証プライム,4,様子見,191.0,低単価,41.4450970524398,1.001976490169562,-0.4996974222417787,-2.5510204081632626,-3.535353535353536,,watchlist.csv,2120.T,
2026-04-30,4714.T,リソー教育グループ,低位株・東証プライム,2,弱い / 見送り,194.0,低単価,42.329565684609605,0.7735348172350419,-0.3957100684403866,-3.0000000000000027,-0.512820512820511,,watchlist.csv,4714.T,
2026-04-30,9229.T,サンウェルズ,低位株・東証プライム,0,弱い / 見送り,199.0,低単価,32.02085054585244,0.48017211872280086,-4.156978436388949,-13.478260869565217,-24.334600760456272,,watchlist.csv,9229.T,
2026-04-30,6572.T,オープングループ,低位株・東証プライム,2,弱い / 見送り,218.0,低単価,43.84525594371138,0.7298087974088392,-0.009299737351985193,-0.9090909090909038,-3.964757709251099,,watchlist.csv,6572.T,
2026-04-30,9434.T,ソフトバンク,大型・通信・低位株,10,強い買い候補,221.89999389648438,低単価,56.789343795218784,1.1421312701852966,-0.062307778163847916,1.1855863240060716,4.17840089036825,,watchlist.csv,9434.T,
2026-04-30,6619.T,ダブル・スコープ,低位株・東証プライム,5,様子見,228.0,低単価,51.67898165409879,0.5251864430654135,-3.414503395539162,-3.797468354430378,0.4405286343612369,,watchlist.csv,6619.T,
2026-04-30,2181.T,パーソルホールディングス,低位株・東証プライム,5,様子見,233.6999969482422,低単価,43.91298422421458,1.2156466312425758,-0.06408817306790171,-4.2997543534881615,-0.2560845478875584,,watchlist.csv,2181.T,
2026-04-30,2471.T,エスプール,低位株・東証プライム,0,弱い / 見送り,238.0,低単価,34.14929932915048,0.7633877080243863,-2.10142893184812,-5.928853754940711,-7.392996108949412,,watchlist.csv,2471.T,
2026-04-30,3656.T,KLab,低位株・東証プライム,3,様子見,210.0,低単価,28.241629507642926,1.7208831434889806,-10.879380258147943,-37.125748502994014,-37.5,,watchlist.csv,3656.T,
2026-04-30,2353.T,日本駐車場開発,低位株・東証プライム,1,弱い / 見送り,247.0,低単価,29.11214131267218,1.0190039210245534,-3.127943492649336,-5.000000000000004,-9.85401459854015,,watchlist.csv,2353.T,
2026-04-30,8410.T,セブン銀行,金融・低位株,0,弱い / 見送り,264.29998779296875,低単価,39.699622150051816,1.062393747938393,-0.04748900109538612,-0.8627225273407646,-3.3638070226805317,,watchlist.csv,8410.T,
2026-04-30,4574.T,大幸薬品,低位株・東証プライム,3,様子見,292.0,低単価,46.27929168966241,1.292064537372407,-0.6118907296336483,-1.683501683501687,-2.6666666666666616,,watchlist.csv,4574.T,
2026-04-30,6615.T,ユー・エム・シー・エレクトロニクス,低位株・東証プライム,0,弱い / 見送り,288.0,低単価,39.74720860412245,1.0902725681420355,-0.1788623269770051,-2.7027027027026973,-5.882352941176472,,watchlist.csv,6615.T,
2026-04-30,1873.T,日本ハウスホールディングス,低位株・東証プライム,3,様子見,302.0,低単価,29.40140446018181,0.8688699360341151,-2.7627298845366663,-7.07692307692308,-4.731861198738175,,watchlist.csv,1873.T,
2026-04-30,3657.T,ポールトゥウィンホールディングス,低位株・東証プライム,3,様子見,300.0,低単価,42.77223114870431,0.7021483643985328,-1.0469746331088092,-5.063291139240511,0.33444816053511683,,watchlist.csv,3657.T,
2026-04-30,5269.T,日本コンクリート工業,低位株・東証プライム,6,買い候補,311.0,低単価,44.18556906237368,0.6621405966838874,0.9254622889748743,0.0,-1.2698412698412653,,watchlist.csv,5269.T,
2026-04-30,6464.T,ツバキ・ナカシマ,低位株・東証プライム,7,買い候補,326.0,低単価,52.97342441049304,1.1844681079918253,-0.06886557403816762,-0.6097560975609762,7.236842105263164,,watchlist.csv,6464.T,
2026-04-30,7211.T,三菱自動車,自動車メーカー・低位株,3,様子見,306.20001220703125,低単価,38.21818086799734,1.40463962598517,1.3329878026562625,-4.551114757323416,-1.2258025138608852,,watchlist.csv,7211.T,
2026-04-30,5535.T,ミガロホールディングス,低位株・東証プライム,0,弱い / 見送り,316.0,低単価,34.27109218046664,0.7921951219512195,-1.088627859095526,-5.1051051051051015,-5.671641791044779,,watchlist.csv,5535.T,
2026-04-30,543A.T,ARCHION,自動車メーカー・低位株,0,データ不足,,不明,,,,,,,watchlist.csv,543A.T,
2026-04-30,3903.T,gumi,低位株・東証プライム,4,様子見,322.0,低単価,40.3990513200153,1.5084576462689745,-1.6270010545741092,-6.936416184971095,-2.4242424242424288,,watchlist.csv,3903.T,
2026-04-30,6472.T,NTN,自動車関連・低位株,10,強い買い候補,382.20001220703125,低単価,65.04626557191148,3.5571045092598856,3.2458049631210226,8.39478320792364,13.885579635282209,,watchlist.csv,6472.T,
2026-04-30,4392.T,FIG,低位株・東証プライム,9,強い買い候補,344.0,低単価,56.65412767288642,1.084552880574175,2.335881459183379,-1.7142857142857126,8.176100628930815,,watchlist.csv,4392.T,
2026-04-30,7201.T,日産自動車,自動車メーカー・低位株,10,強い買い候補,356.0,低単価,47.316066391648626,1.2102458472734139,0.6135101408669215,-2.9708351261405697,2.8604431441481504,,watchlist.csv,7201.T,
2026-04-30,3632.T,グリーホールディングス,低位株・東証プライム,1,弱い / 見送り,362.0,低単価,37.23263213625798,1.2375597197494652,-1.728232484494016,-3.9787798408488118,-4.485488126649074,,watchlist.csv,3632.T,
2026-04-30,3665.T,エニグモ,低位株・東証プライム,2,弱い / 見送り,376.0,低単価,44.02338174688009,0.9755821840379832,-0.2308786610562974,-1.0526315789473717,-3.3419023136246784,,watchlist.csv,3665.T,
2026-04-30,1786.T,オリエンタル白石,低位株・東証プライム,7,買い候補,372.0,低単価,46.41999773564069,1.1005635083561813,1.8391886293323783,1.9178082191780854,-1.326259946949604,,watchlist.csv,1786.T,
2026-04-30,7071.T,アンビスホールディングス,低位株・東証プライム,0,弱い / 見送り,386.0,低単価,34.56108015209223,0.9737401711092428,-1.6050913838498921,-2.7707808564231717,-9.38967136150235,,watchlist.csv,7071.T,
2026-04-30,544A.T,GMSグループ,低位株・東証プライム,0,データ不足,,不明,,,,,,,watchlist.csv,544A.T,
2026-04-30,8897.T,MIRARTHホールディングス,低位株・東証プライム,2,弱い / 見送り,397.0,低単価,34.52093690925955,0.6342982354976358,-3.1619560231552657,-0.9975062344139696,-3.874092009685226,,watchlist.csv,8897.T,
2026-04-30,7034.T,プロレド・パートナーズ,低位株・東証プライム,0,弱い / 見送り,392.0,低単価,34.35855103758746,0.9742016958325816,-1.429800585878814,-7.9812206572769995,-9.259259259259256,,watchlist.csv,7034.T,
2026-04-30,9535.T,広島ガス,低位株・東証プライム,7,買い候補,397.0,低単価,51.41831986673272,0.9511945298009579,-0.06732736423377572,0.761421319796951,-0.5012531328320802,,watchlist.csv,9535.T,
2026-04-30,3835.T,eBASE,低位株・東証プライム,3,様子見,402.0,低単価,41.47959951348023,1.3605309389029865,-0.8559760712940669,-2.66343825665859,-2.66343825665859,,watchlist.csv,3835.T,
2026-04-30,2931.T,ユーグレナ,低位株・東証プライム,6,買い候補,403.0,低単価,50.4371126439026,0.6548582480785871,-1.196805144756662,-0.9828009828009798,-1.7073170731707332,,watchlist.csv,2931.T,
2026-04-30,3679.T,じげん,低位株・東証プライム,4,様子見,408.0,低単価,42.604867497871254,1.799705186045473,-0.21906507962916288,-1.9230769230769273,-2.6252983293556076,,watchlist.csv,3679.T,
2026-04-30,2982.T,ADワークスグループ,低位株・東証プライム,2,弱い / 見送り,405.0,低単価,41.786775001403676,0.7383435582822085,-1.4752423133426134,-1.4598540145985384,-3.8004750593824244,,watchlist.csv,2982.T,
2026-04-30,3415.T,TOKYO BASE,低位株・東証プライム,4,様子見,416.0,低単価,45.50930132883548,1.0321754200889157,-5.087546747654654,-1.8867924528301883,-6.516853932584265,,watchlist.csv,3415.T,
2026-04-30,4689.T,LINEヤフー,大型・通信・低位株,9,強い買い候補,412.29998779296875,低単価,51.11871291226374,1.0833300503531262,-1.383619161170154,-3.758171412907607,4.247784524138742,,watchlist.csv,4689.T,
2026-04-30,3963.T,シンクロ・フード,低位株・東証プライム,4,様子見,410.0,低単価,34.17126078861621,1.976219762197622,0.02030549373636603,-8.277404921700226,-5.9633027522935755,,watchlist.csv,3963.T,
2026-04-30,7267.T,本田技研工業,自動車メーカー,4,様子見,1266.5,買いやすい,38.240473149623924,1.172034418932064,5.22771221171849,-4.234404536862002,-1.516329704510111,,watchlist.csv,7267.T,
2026-04-30,7269.T,スズキ,自動車メーカー,2,弱い / 見送り,1748.5,買いやすい,35.3105544499127,1.5992708964306157,-0.3937007406703614,-4.191780821917812,-7.852437417654812,,watchlist.csv,7269.T,
2026-04-30,7270.T,SUBARU,自動車メーカー,3,様子見,2349.5,買いやすい,29.217324560353816,1.6820585082314212,-4.580152231179909,-6.038792241551693,-7.971014492753625,,watchlist.csv,7270.T,
2026-04-30,7261.T,マツダ,自動車メーカー,0,弱い / 見送り,1011.5,買いやすい,37.769667005948975,1.1069424702053532,-0.8710606365984503,-5.467289719626168,-6.515711645101662,,watchlist.csv,7261.T,
2026-04-30,7202.T,いすゞ自動車,自動車メーカー,2,弱い / 見送り,2146.0,買いやすい,33.8063003621328,1.5124241363338848,-7.85981938551307,-7.559767391772565,-6.02145828771623,,watchlist.csv,7202.T,
2026-04-30,7012.T,川崎重工業,輸送機器,10,強い買い候補,3217.0,1万円以内,51.267693574496626,0.7533563921806956,-1.6398739780922988,3.740728797162207,1.5467171717171713,,watchlist.csv,7012.T,
2026-04-30,SMBCG001,エス・ビー・日本株オープン２２５,国内株式インデックス・インデックス,11,強い買い候補,61990.0,プロキシ,59.92115789960581,1.1178916962067906,158.53291849941706,-0.5295250320924261,10.224039829302978,,watchlist_smbc_nisa_growth_funds.csv,1321.T,日経225連動ETF
2026-04-30,SMBCG002,三井住友・２２５オープン,国内株式インデックス・インデックス,11,強い買い候補,61990.0,プロキシ,59.92115789960581,1.1178916962067906,158.53291849941706,-0.5295250320924261,10.224039829302978,,watchlist_smbc_nisa_growth_funds.csv,1321.T,日経225連動ETF
2026-04-30,SMBCG003,日本好配当株オープン,国内株式・アクティブ,4,様子見,394.1000061035156,プロキシ,10.809052363093045,1.112046124111133,124.93432711376624,-0.705464307388981,1.2589911980469992,,watchlist_smbc_nisa_growth_funds.csv,1306.T,TOPIX連動ETF
2026-04-30,SMBCG004,三井住友・日本株オープン,国内株式・アクティブ,4,様子見,394.1000061035156,プロキシ,10.809052363093045,1.112046124111133,124.93432711376624,-0.705464307388981,1.2589911980469992,,watchlist_smbc_nisa_growth_funds.csv,1306.T,TOPIX連動ETF
2026-04-30,SMBCG005,三井住友ＤＳ・ジャパン・ハイ・コンビクション・ストラテジー,国内株式・アクティブ,4,様子見,394.1000061035156,プロキシ,10.809052363093045,1.112046124111133,124.93432711376624,-0.705464307388981,1.2589911980469992,,watchlist_smbc_nisa_growth_funds.csv,1306.T,TOPIX連動ETF
2026-04-30,SMBCG006,三井住友ＤＳ日本バリュー株ファンド,国内株式・アクティブ,4,様子見,394.1000061035156,プロキシ,10.809052363093045,1.112046124111133,124.93432711376624,-0.705464307388981,1.2589911980469992,,watchlist_smbc_nisa_growth_funds.csv,1306.T,TOPIX連動ETF
2026-04-30,SMBCG007,Ｊ－ＲＥＩＴオープン（資産成長型）,国内株式・アクティブ,0,弱い / 見送り,2043.5,プロキシ,39.475811549306364,0.9962352674095234,-1.7498871983977295,-0.8731506184816884,-0.04891171435559283,,watchlist_smbc_nisa_growth_funds.csv,1343.T,東証REIT指数連動ETF
2026-04-30,SMBCG008,Ｊ－ＲＥＩＴオープン（年４回決算型）,国内株式・アクティブ,0,弱い / 見送り,2043.5,プロキシ,39.475811549306364,0.9962352674095234,-1.7498871983977295,-0.8731506184816884,-0.04891171435559283,,watchlist_smbc_nisa_growth_funds.csv,1343.T,東証REIT指数連動ETF
2026-04-30,SMBCG009,フィデリティ・日本成長株・ファンド,国内株式・アクティブ,4,様子見,394.1000061035156,プロキシ,10.809052363093045,1.112046124111133,124.93432711376624,-0.705464307388981,1.2589911980469992,,watchlist_smbc_nisa_growth_funds.csv,1306.T,TOPIX連動ETF
2026-04-30,SMBCG010,三井住友・ＮＹダウ・ジョーンズ指数オープン（為替ヘッジあり）,海外株式インデックス・インデックス・ヘッジあり,9,強い買い候補,488.6700134277344,プロキシ,57.58303809137514,0.7869570391526836,0.5897014625701731,-1.2308990657461494,5.500984661159936,,watchlist_smbc_nisa_growth_funds.csv,DIA,SPDR Dow Jones Industrial Average ETF
2026-04-30,SMBCG011,三井住友・ＮＹダウ・ジョーンズ指数オープン（為替ヘッジなし）,海外株式インデックス・インデックス,9,強い買い候補,488.6700134277344,プロキシ,57.58303809137514,0.7869570391526836,0.5897014625701731,-1.2308990657461494,5.500984661159936,,watchlist_smbc_nisa_growth_funds.csv,DIA,SPDR Dow Jones Industrial Average ETF
2026-04-30,SMBCG012,アライアンス・バーンスタイン・米国成長株投信　Ａコース（為替ヘッジあり）,海外株式・アクティブ・ヘッジあり,7,買い候補,82.68000030517578,プロキシ,65.91426003376606,0.4620766775232407,0.3406769741933524,-0.4095354753534841,13.574030874393706,,watchlist_smbc_nisa_growth_funds.csv,VUG,Vanguard Growth ETF
2026-04-30,SMBCG013,アライアンス・バーンスタイン・米国成長株投信　Ｂコース（為替ヘッジなし）,海外株式・アクティブ,7,買い候補,82.68000030517578,プロキシ,65.91426003376606,0.4620766775232407,0.3406769741933524,-0.4095354753534841,13.574030874393706,,watchlist_smbc_nisa_growth_funds.csv,VUG,Vanguard Growth ETF
2026-04-30,SMBCG014,モビリティ・イノベーション・ファンド,海外株式・アクティブ,11,強い買い候補,37.33000183105469,プロキシ,56.66568960663765,2.850414648582939,0.20314993055345953,-0.10702997584501883,12.372066403748839,,watchlist_smbc_nisa_growth_funds.csv,BOTZ,Global X Robotics & Artificial Intelligence ETF
2026-04-30,SMBCG015,ＪＰＭアジア株・アクティブ・オープン,海外株式・アクティブ,11,強い買い候補,107.54000091552734,プロキシ,60.09486492985347,0.5073425202786238,0.2844473686413771,-0.8116558460430134,11.68345611489745,,watchlist_smbc_nisa_growth_funds.csv,AAXJ,iShares MSCI All Country Asia ex Japan ETF
2026-04-30,SMBCG016,ＪＰモルガン・アメリカ成長株ファンド（為替ヘッジあり、年１回決算型）,海外株式・アクティブ・ヘッジあり,7,買い候補,82.68000030517578,プロキシ,65.91426003376606,0.4620766775232407,0.3406769741933524,-0.4095354753534841,13.574030874393706,,watchlist_smbc_nisa_growth_funds.csv,VUG,Vanguard Growth ETF
2026-04-30,SMBCG017,ＪＰモルガン・アメリカ成長株ファンド（為替ヘッジなし、年１回決算型）,海外株式・アクティブ,7,買い候補,82.68000030517578,プロキシ,65.91426003376606,0.4620766775232407,0.3406769741933524,-0.4095354753534841,13.574030874393706,,watchlist_smbc_nisa_growth_funds.csv,VUG,Vanguard Growth ETF
2026-04-30,SMBCG018,アジア好利回りリート・ファンド（年１回決算型）,海外株式・アクティブ,11,強い買い候補,107.54000091552734,プロキシ,60.09486492985347,0.5073425202786238,0.2844473686413771,-0.8116558460430134,11.68345611489745,,watchlist_smbc_nisa_growth_funds.csv,AAXJ,iShares MSCI All Country Asia ex Japan ETF
2026-04-30,SMBCG019,グローバルＡＩファンド,海外株式・アクティブ,10,強い買い候補,55.040000915527344,プロキシ,65.50037801117747,0.7429798449898165,0.30450582486244215,0.12734162865155607,17.93443984352139,,watchlist_smbc_nisa_growth_funds.csv,AIQ,Global X Artificial Intelligence & Technology ETF
2026-04-30,SMBCG020,グローバルＡＩファンド（為替ヘッジあり）,海外株式・アクティブ・ヘッジあり,10,強い買い候補,55.040000915527344,プロキシ,65.50037801117747,0.7429798449898165,0.30450582486244215,0.12734162865155607,17.93443984352139,,watchlist_smbc_nisa_growth_funds.csv,AIQ,Global X Artificial Intelligence & Technology ETF
2026-04-30,SMBCG021,グローバル好配当株オープン（年１回決算型）,海外株式・アクティブ,9,強い買い候補,225.6300048828125,プロキシ,58.49411040055114,0.8460875508930429,0.19384893462414432,-0.6385401341158059,4.914910929141492,,watchlist_smbc_nisa_growth_funds.csv,VIG,Vanguard Dividend Appreciation ETF
2026-04-30,SMBCG022,世界インパクト投資ファンド,海外株式・アクティブ,11,強い買い候補,148.94000244140625,プロキシ,59.38283324980189,0.690282702143014,0.15934048635709708,-0.7728205296070323,7.677844530686362,,watchlist_smbc_nisa_growth_funds.csv,VT,Vanguard Total World Stock ETF
2026-04-30,SMBCG023,世界インパクト投資ファンド（資産成長型）,海外株式・アクティブ,11,強い買い候補,148.94000244140625,プロキシ,59.38283324980189,0.690282702143014,0.15934048635709708,-0.7728205296070323,7.677844530686362,,watchlist_smbc_nisa_growth_funds.csv,VT,Vanguard Total World Stock ETF
2026-04-30,SMBCG024,ドナルド・スミス　グローバル・ディープバリュー戦略株式ファンド,海外株式・アクティブ,10,強い買い候補,203.58999633789062,プロキシ,58.57857083290422,0.6447759300567707,0.143736506472538,0.35490769361294916,3.7665644773674067,,watchlist_smbc_nisa_growth_funds.csv,VTV,Vanguard Value ETF
2026-04-30,SMBCG025,フューチャー・バイオテック,海外株式・アクティブ,1,弱い / 見送り,165.3800048828125,プロキシ,39.32260155894258,1.2905966317932642,-0.8965893529008471,-5.150261353581309,-2.055079120681702,,watchlist_smbc_nisa_growth_funds.csv,IBB,iShares Biotechnology ETF
2026-04-30,SMBCG026,ブランディワイン・グローバルバリュー株式ファンド,海外株式・アクティブ,10,強い買い候補,203.58999633789062,プロキシ,58.57857083290422,0.6447759300567707,0.143736506472538,0.35490769361294916,3.7665644773674067,,watchlist_smbc_nisa_growth_funds.csv,VTV,Vanguard Value ETF
2026-04-30,SMBCG027,三井住友・ニュー・チャイナ・ファンド,海外株式・アクティブ,5,様子見,56.83000183105469,プロキシ,44.90929113167325,0.6881538773543306,-0.07315821016497057,-2.5214364069346407,1.1569980817871528,,watchlist_smbc_nisa_growth_funds.csv,MCHI,iShares MSCI China ETF
2026-04-30,SMBCG028,三井住友・米国ハイクオリティ株式ファンド（為替ヘッジあり）,海外株式・アクティブ・ヘッジあり,7,買い候補,82.68000030517578,プロキシ,65.91426003376606,0.4620766775232407,0.3406769741933524,-0.4095354753534841,13.574030874393706,,watchlist_smbc_nisa_growth_funds.csv,VUG,Vanguard Growth ETF
2026-04-30,SMBCG029,三井住友・米国ハイクオリティ株式ファンド（為替ヘッジなし）,海外株式・アクティブ,7,買い候補,82.68000030517578,プロキシ,65.91426003376606,0.4620766775232407,0.3406769741933524,-0.4095354753534841,13.574030874393706,,watchlist_smbc_nisa_growth_funds.csv,VUG,Vanguard Growth ETF
2026-04-30,SMBCG030,ＵＳテクノロジー・イノベーターズ・ファンド,海外株式・アクティブ,10,強い買い候補,661.5700073242188,プロキシ,70.66069622095509,0.7099948548783781,3.174955452695979,0.9860973145126906,14.62109146528261,,watchlist_smbc_nisa_growth_funds.csv,QQQ,Invesco QQQ Trust
2026-04-30,SMBCG031,日興レジェンド・イーグル・ファンド（円ヘッジコース）,海外株式・アクティブ・ヘッジあり,11,強い買い候補,148.94000244140625,プロキシ,59.38283324980189,0.690282702143014,0.15934048635709708,-0.7728205296070323,7.677844530686362,,watchlist_smbc_nisa_growth_funds.csv,VT,Vanguard Total World Stock ETF
2026-04-30,SMBCG032,日興レジェンド・イーグル・ファンド（資産成長コース）,海外株式・アクティブ,11,強い買い候補,148.94000244140625,プロキシ,59.38283324980189,0.690282702143014,0.15934048635709708,-0.7728205296070323,7.677844530686362,,watchlist_smbc_nisa_growth_funds.csv,VT,Vanguard Total World Stock ETF
2026-04-30,SMBCG033,イーストスプリング・インド株式オープン,海外株式・アクティブ,7,買い候補,49.029998779296875,プロキシ,48.36282855585365,0.4810507469303778,-0.00043245889358031753,-1.900761848020105,4.675488086197177,,watchlist_smbc_nisa_growth_funds.csv,INDA,iShares MSCI India ETF
2026-04-30,SMBCG034,インベスコ　世界厳選株式オープン＜為替ヘッジあり＞（年１回決算型）,海外株式・アクティブ・ヘッジあり,11,強い買い候補,148.94000244140625,プロキシ,59.38283324980189,0.690282702143014,0.15934048635709708,-0.7728205296070323,7.677844530686362,,watchlist_smbc_nisa_growth_funds.csv,VT,Vanguard Total World Stock ETF
2026-04-30,SMBCG035,インベスコ　世界厳選株式オープン＜為替ヘッジなし＞（年１回決算型）,海外株式・アクティブ,11,強い買い候補,148.94000244140625,プロキシ,59.38283324980189,0.690282702143014,0.15934048635709708,-0.7728205296070323,7.677844530686362,,watchlist_smbc_nisa_growth_funds.csv,VT,Vanguard Total World Stock ETF
2026-04-30,SMBCG036,ＧＳ　グローバル・ビッグデータ投資戦略　Ａコース（為替ヘッジあり）,海外株式・アクティブ・ヘッジあり,10,強い買い候補,55.040000915527344,プロキシ,65.50037801117747,0.7429798449898165,0.30450582486244215,0.12734162865155607,17.93443984352139,,watchlist_smbc_nisa_growth_funds.csv,AIQ,Global X Artificial Intelligence & Technology ETF
2026-04-30,SMBCG037,ＧＳ　グローバル・ビッグデータ投資戦略　Ｂコース（為替ヘッジなし）,海外株式・アクティブ,10,強い買い候補,55.040000915527344,プロキシ,65.50037801117747,0.7429798449898165,0.30450582486244215,0.12734162865155607,17.93443984352139,,watchlist_smbc_nisa_growth_funds.csv,AIQ,Global X Artificial Intelligence & Technology ETF
2026-04-30,SMBCG038,ＧＳグローバル・リアルアセット・ファンド（為替ヘッジなし）,海外株式・アクティブ,12,強い買い候補,48.560001373291016,プロキシ,53.96211382839939,0.386486131194952,0.011338535906321001,0.06182277920629975,6.095697809970413,,watchlist_smbc_nisa_growth_funds.csv,RWO,SPDR Dow Jones Global Real Estate ETF
2026-04-30,SMBCG039,ＧＳグローバル・リアルアセット・ファンド（限定為替ヘッジ）,海外株式・アクティブ・ヘッジあり,12,強い買い候補,48.560001373291016,プロキシ,53.96211382839939,0.386486131194952,0.011338535906321001,0.06182277920629975,6.095697809970413,,watchlist_smbc_nisa_growth_funds.csv,RWO,SPDR Dow Jones Global Real Estate ETF
2026-04-30,SMBCG040,ｎｅｔＷＩＮ　ＧＳテクノロジー株式ファンド　Ａコース（為替ヘッジあり）,海外株式・アクティブ・ヘッジあり,10,強い買い候補,661.5700073242188,プロキシ,70.66069622095509,0.7099948548783781,3.174955452695979,0.9860973145126906,14.62109146528261,,watchlist_smbc_nisa_growth_funds.csv,QQQ,Invesco QQQ Trust
2026-04-30,SMBCG041,ｎｅｔＷＩＮ　ＧＳテクノロジー株式ファンド　Ｂコース（為替ヘッジなし）,海外株式・アクティブ,10,強い買い候補,661.5700073242188,プロキシ,70.66069622095509,0.7099948548783781,3.174955452695979,0.9860973145126906,14.62109146528261,,watchlist_smbc_nisa_growth_funds.csv,QQQ,Invesco QQQ Trust
2026-04-30,SMBCG042,グローバル・フィンテック株式ファンド,海外株式・アクティブ,9,強い買い候補,24.8700008392334,プロキシ,49.372837611390274,0.904128283862163,0.013241416347141433,-6.50375758431001,7.662339517463934,,watchlist_smbc_nisa_growth_funds.csv,FINX,Global X FinTech ETF
2026-04-30,SMBCG043,グローバル・フィンテック株式ファンド（為替ヘッジあり）,海外株式・アクティブ・ヘッジあり,9,強い買い候補,24.8700008392334,プロキシ,49.372837611390274,0.904128283862163,0.013241416347141433,-6.50375758431001,7.662339517463934,,watchlist_smbc_nisa_growth_funds.csv,FINX,Global X FinTech ETF
2026-04-30,SMBCG044,グローバル・フィンテック株式ファンド（為替ヘッジあり・年２回決算型）,海外株式・アクティブ・ヘッジあり,9,強い買い候補,24.8700008392334,プロキシ,49.372837611390274,0.904128283862163,0.013241416347141433,-6.50375758431001,7.662339517463934,,watchlist_smbc_nisa_growth_funds.csv,FINX,Global X FinTech ETF
2026-04-30,SMBCG045,グローバル・フィンテック株式ファンド（年２回決算型）,海外株式・アクティブ,9,強い買い候補,24.8700008392334,プロキシ,49.372837611390274,0.904128283862163,0.013241416347141433,-6.50375758431001,7.662339517463934,,watchlist_smbc_nisa_growth_funds.csv,FINX,Global X FinTech ETF
2026-04-30,SMBCG046,グローバル・ロボティクス株式ファンド（１年決算型）,海外株式・アクティブ,11,強い買い候補,37.33000183105469,プロキシ,56.66568960663765,2.850414648582939,0.20314993055345953,-0.10702997584501883,12.372066403748839,,watchlist_smbc_nisa_growth_funds.csv,BOTZ,Global X Robotics & Artificial Intelligence ETF
2026-04-30,SMBCG047,グローバル・ロボティクス株式ファンド（為替ヘッジあり・１年決算型）,海外株式・アクティブ・ヘッジあり,11,強い買い候補,37.33000183105469,プロキシ,56.66568960663765,2.850414648582939,0.20314993055345953,-0.10702997584501883,12.372066403748839,,watchlist_smbc_nisa_growth_funds.csv,BOTZ,Global X Robotics & Artificial Intelligence ETF
2026-04-30,SMBCG048,グローバル・ロボティクス株式ファンド（為替ヘッジあり・年２回決算型）,海外株式・アクティブ・ヘッジあり,11,強い買い候補,37.33000183105469,プロキシ,56.66568960663765,2.850414648582939,0.20314993055345953,-0.10702997584501883,12.372066403748839,,watchlist_smbc_nisa_growth_funds.csv,BOTZ,Global X Robotics & Artificial Intelligence ETF
2026-04-30,SMBCG049,グローバル・ロボティクス株式ファンド（年２回決算型）,海外株式・アクティブ,11,強い買い候補,37.33000183105469,プロキシ,56.66568960663765,2.850414648582939,0.20314993055345953,-0.10702997584501883,12.372066403748839,,watchlist_smbc_nisa_growth_funds.csv,BOTZ,Global X Robotics & Artificial Intelligence ETF
2026-04-30,SMBCG050,新シルクロード経済圏ファンド,海外株式・アクティブ,5,様子見,56.83000183105469,プロキシ,44.90929113167325,0.6881538773543306,-0.07315821016497057,-2.5214364069346407,1.1569980817871528,,watchlist_smbc_nisa_growth_funds.csv,MCHI,iShares MSCI China ETF
2026-04-30,SMBCG051,デジタル・トランスフォーメーション株式ファンド,海外株式・アクティブ,10,強い買い候補,55.040000915527344,プロキシ,65.50037801117747,0.7429798449898165,0.30450582486244215,0.12734162865155607,17.93443984352139,,watchlist_smbc_nisa_growth_funds.csv,AIQ,Global X Artificial Intelligence & Technology ETF
2026-04-30,SMBCG052,グローバルＲＥＩＴオープン（資産成長型）,海外株式・アクティブ,12,強い買い候補,94.9000015258789,プロキシ,56.80110111962633,0.998630080405331,0.09118447679066355,0.40203649630616844,6.9898588398537465,,watchlist_smbc_nisa_growth_funds.csv,VNQ,Vanguard Real Estate ETF
2026-04-30,SMBCG053,フィデリティ・欧州株・ファンド,海外株式・アクティブ,5,様子見,85.13999938964844,プロキシ,46.197938273330685,0.820081277108064,-0.21447414803939346,-2.2951572343453353,3.2876368730311523,,watchlist_smbc_nisa_growth_funds.csv,VGK,Vanguard FTSE Europe ETF
2026-04-30,SMBCG054,フィデリティ・グローバル・ファンド,海外株式・アクティブ,11,強い買い候補,148.94000244140625,プロキシ,59.38283324980189,0.690282702143014,0.15934048635709708,-0.7728205296070323,7.677844530686362,,watchlist_smbc_nisa_growth_funds.csv,VT,Vanguard Total World Stock ETF
2026-04-30,SMBCG055,フィデリティ・米国優良株・ファンド,海外株式・アクティブ,7,買い候補,82.68000030517578,プロキシ,65.91426003376606,0.4620766775232407,0.3406769741933524,-0.4095354753534841,13.574030874393706,,watchlist_smbc_nisa_growth_funds.csv,VUG,Vanguard Growth ETF
2026-04-30,SMBCG056,フィデリティ・世界割安成長株投信　Ａコース（為替ヘッジあり）,海外株式・アクティブ・ヘッジあり,10,強い買い候補,203.58999633789062,プロキシ,58.57857083290422,0.6447759300567707,0.143736506472538,0.35490769361294916,3.7665644773674067,,watchlist_smbc_nisa_growth_funds.csv,VTV,Vanguard Value ETF
2026-04-30,SMBCG057,フィデリティ・世界割安成長株投信　Ｂコース（為替ヘッジなし）,海外株式・アクティブ,10,強い買い候補,203.58999633789062,プロキシ,58.57857083290422,0.6447759300567707,0.143736506472538,0.35490769361294916,3.7665644773674067,,watchlist_smbc_nisa_growth_funds.csv,VTV,Vanguard Value ETF
2026-04-30,SMBCG058,ベイリー・ギフォード世界長期成長株ファンド,海外株式・アクティブ,11,強い買い候補,148.94000244140625,プロキシ,59.38283324980189,0.690282702143014,0.15934048635709708,-0.7728205296070323,7.677844530686362,,watchlist_smbc_nisa_growth_funds.csv,VT,Vanguard Total World Stock ETF
2026-04-30,SMBCG059,マニュライフ・円ハイブリッド債券インカム・ファンド（３ヵ月決算型）,国内債券・アクティブ,9,強い買い候補,225.6300048828125,プロキシ,58.49411040055114,0.8460875508930429,0.19384893462414432,-0.6385401341158059,4.914910929141492,,watchlist_smbc_nisa_growth_funds.csv,VIG,Vanguard Dividend Appreciation ETF
2026-04-30,SMBCG060,マニュライフ・円ハイブリッド債券インカム・ファンド（年１回決算型）,国内債券・アクティブ,9,強い買い候補,225.6300048828125,プロキシ,58.49411040055114,0.8460875508930429,0.19384893462414432,-0.6385401341158059,4.914910929141492,,watchlist_smbc_nisa_growth_funds.csv,VIG,Vanguard Dividend Appreciation ETF
2026-04-30,SMBCG061,コーポレート・ボンド・インカム（為替ノーヘッジ型／１年決算型）,海外債券・アクティブ,4,様子見,108.7300033569336,プロキシ,42.06079045189151,0.7358058200850158,-0.048160976216504,-0.9925299043157754,-0.23854896039260387,,watchlist_smbc_nisa_growth_funds.csv,LQD,iShares iBoxx Investment Grade Corporate Bond ETF
2026-04-30,SMBCG062,コーポレート・ボンド・インカム（為替ヘッジ型／１年決算型）,海外債券・アクティブ・ヘッジあり,4,様子見,108.7300033569336,プロキシ,42.06079045189151,0.7358058200850158,-0.048160976216504,-0.9925299043157754,-0.23854896039260387,,watchlist_smbc_nisa_growth_funds.csv,LQD,iShares iBoxx Investment Grade Corporate Bond ETF
2026-04-30,SMBCG063,日系企業海外債券オープン（為替ヘッジあり）,海外債券・アクティブ・ヘッジあり,4,様子見,108.7300033569336,プロキシ,42.06079045189151,0.7358058200850158,-0.048160976216504,-0.9925299043157754,-0.23854896039260387,,watchlist_smbc_nisa_growth_funds.csv,LQD,iShares iBoxx Investment Grade Corporate Bond ETF
2026-04-30,SMBCG064,日系企業海外債券オープン（為替ヘッジなし）,海外債券・アクティブ,4,様子見,108.7300033569336,プロキシ,42.06079045189151,0.7358058200850158,-0.048160976216504,-0.9925299043157754,-0.23854896039260387,,watchlist_smbc_nisa_growth_funds.csv,LQD,iShares iBoxx Investment Grade Corporate Bond ETF
2026-04-30,SMBCG065,ＧＳグローバル・パーシャルヘッジ社債ファンド,海外債券・アクティブ・ヘッジあり,4,様子見,108.7300033569336,プロキシ,42.06079045189151,0.7358058200850158,-0.048160976216504,-0.9925299043157754,-0.23854896039260387,,watchlist_smbc_nisa_growth_funds.csv,LQD,iShares iBoxx Investment Grade Corporate Bond ETF
2026-04-30,SMBCG066,ニッセイ／パトナム・インカムオープン,海外債券・アクティブ,4,様子見,108.7300033569336,プロキシ,42.06079045189151,0.7358058200850158,-0.048160976216504,-0.9925299043157754,-0.23854896039260387,,watchlist_smbc_nisa_growth_funds.csv,LQD,iShares iBoxx Investment Grade Corporate Bond ETF
2026-04-30,SMBCG067,フィデリティ・ＵＳハイ・イールド・ファンド（資産成長型）Ｄ（為替ヘッジなし）,海外債券・アクティブ,8,買い候補,80.12999725341797,プロキシ,49.31015626466466,1.288622260612984,-0.0019870651712526055,-0.4596307410956957,0.716440060728285,,watchlist_smbc_nisa_growth_funds.csv,HYG,iShares iBoxx High Yield Corporate Bond ETF
2026-04-30,SMBCG068,ＳＭＢＣ円資産ファンド,バランス・バランス,9,強い買い候補,67.02999877929688,プロキシ,56.66694079531552,0.7704938390849005,0.044039132929274194,-0.6226807827250158,4.164724737722514,,watchlist_smbc_nisa_growth_funds.csv,AOR,iShares Core Growth Allocation ETF
2026-04-30,SMBCG069,タフ・アメリカ（為替ヘッジあり　資産成長型）,バランス・バランス・ヘッジあり,7,買い候補,82.68000030517578,プロキシ,65.91426003376606,0.4620766775232407,0.3406769741933524,-0.4095354753534841,13.574030874393706,,watchlist_smbc_nisa_growth_funds.csv,VUG,Vanguard Growth ETF
2026-04-30,SMBCG070,タフ・アメリカ（為替ヘッジなし　資産成長型）,バランス・バランス,7,買い候補,82.68000030517578,プロキシ,65.91426003376606,0.4620766775232407,0.3406769741933524,-0.4095354753534841,13.574030874393706,,watchlist_smbc_nisa_growth_funds.csv,VUG,Vanguard Growth ETF
2026-04-30,SMBCG071,ライフ・ジャーニー（かしこく育てるコース）,バランス・バランス,9,強い買い候補,67.02999877929688,プロキシ,56.66694079531552,0.7704938390849005,0.044039132929274194,-0.6226807827250158,4.164724737722514,,watchlist_smbc_nisa_growth_funds.csv,AOR,iShares Core Growth Allocation ETF
2026-04-30,SMBCG072,ライフ・ジャーニー（かしこく使うコース）,バランス・バランス,9,強い買い候補,48.54999923706055,プロキシ,53.925466285776565,0.6150679541120562,0.02080987732514386,-0.65479783470066,2.4910287772489825,,watchlist_smbc_nisa_growth_funds.csv,AOM,iShares Core Moderate Allocation ETF
2026-04-30,SMBCG073,ライフ・ジャーニー（充実して楽しむコース）,バランス・バランス,9,強い買い候補,48.54999923706055,プロキシ,53.925466285776565,0.6150679541120562,0.02080987732514386,-0.65479783470066,2.4910287772489825,,watchlist_smbc_nisa_growth_funds.csv,AOM,iShares Core Moderate Allocation ETF
2026-04-30,SMBCG074,三井住友ＤＳ・ＦＯＬＩＯ・ＡＩマルチアセットファンド,バランス・バランス,10,強い買い候補,55.040000915527344,プロキシ,65.50037801117747,0.7429798449898165,0.30450582486244215,0.12734162865155607,17.93443984352139,,watchlist_smbc_nisa_growth_funds.csv,AIQ,Global X Artificial Intelligence & Technology ETF
2026-04-30,SMBCG075,ピクテ・ゴールド（為替ヘッジあり）,その他・その他・ヘッジあり,0,弱い / 見送り,417.4100036621094,プロキシ,38.81795748663744,0.8560834471559421,-1.223076562470296,-4.100998415436175,-2.993331155043044,,watchlist_smbc_nisa_growth_funds.csv,GLD,SPDR Gold Shares
2026-04-30,SMBCG076,ピクテ・ゴールド（為替ヘッジなし）,その他・その他,0,弱い / 見送り,417.4100036621094,プロキシ,38.81795748663744,0.8560834471559421,-1.223076562470296,-4.100998415436175,-2.993331155043044,,watchlist_smbc_nisa_growth_funds.csv,GLD,SPDR Gold Shares
2026-04-30,SMBCG077,三井住友・ワールド・パッケージ・オープン,バランス・バランス,9,強い買い候補,67.02999877929688,プロキシ,56.66694079531552,0.7704938390849005,0.044039132929274194,-0.6226807827250158,4.164724737722514,,watchlist_smbc_nisa_growth_funds.csv,AOR,iShares Core Growth Allocation ETF
